wt,wt_codon,pos,mut,possible_codons,weight
N,AAT,331,A,4,0.0
N,AAT,331,C,2,0.0
N,AAT,331,D,2,0.03
N,AAT,331,E,2,0.0
N,AAT,331,F,2,0.0
N,AAT,331,G,4,0.0
N,AAT,331,H,2,0.03
N,AAT,331,I,3,0.03
N,AAT,331,K,2,0.06
N,AAT,331,L,6,0.0
N,AAT,331,M,1,0.0
N,AAT,331,P,4,0.0
N,AAT,331,Q,2,0.0
N,AAT,331,R,6,0.0
N,AAT,331,S,6,0.03
N,AAT,331,T,4,0.03
N,AAT,331,V,4,0.0
N,AAT,331,W,1,0.0
N,AAT,331,Y,2,0.03
I,ATT,332,A,4,0.0
I,ATT,332,C,2,0.0
I,ATT,332,D,2,0.0
I,ATT,332,E,2,0.0
I,ATT,332,F,2,0.03
I,ATT,332,G,4,0.0
I,ATT,332,H,2,0.0
I,ATT,332,K,2,0.0
I,ATT,332,L,6,0.03
I,ATT,332,M,1,0.03
I,ATT,332,N,2,0.03
I,ATT,332,P,4,0.0
I,ATT,332,Q,2,0.0
I,ATT,332,R,6,0.0
I,ATT,332,S,6,0.03
I,ATT,332,T,4,0.03
I,ATT,332,V,4,0.03
I,ATT,332,W,1,0.0
I,ATT,332,Y,2,0.0
T,ACA,333,A,4,0.03
T,ACA,333,C,2,0.0
T,ACA,333,D,2,0.0
T,ACA,333,E,2,0.0
T,ACA,333,F,2,0.0
T,ACA,333,G,4,0.0
T,ACA,333,H,2,0.0
T,ACA,333,I,3,0.1
T,ACA,333,K,2,0.03
T,ACA,333,L,6,0.0
T,ACA,333,M,1,0.0
T,ACA,333,N,2,0.0
T,ACA,333,P,4,0.03
T,ACA,333,Q,2,0.0
T,ACA,333,R,6,0.03
T,ACA,333,S,6,0.03
T,ACA,333,V,4,0.0
T,ACA,333,W,1,0.0
T,ACA,333,Y,2,0.0
N,AAC,334,A,4,0.0
N,AAC,334,C,2,0.0
N,AAC,334,D,2,0.03
N,AAC,334,E,2,0.0
N,AAC,334,F,2,0.0
N,AAC,334,G,4,0.0
N,AAC,334,H,2,0.03
N,AAC,334,I,3,0.03
N,AAC,334,K,2,0.06
N,AAC,334,L,6,0.0
N,AAC,334,M,1,0.0
N,AAC,334,P,4,0.0
N,AAC,334,Q,2,0.0
N,AAC,334,R,6,0.0
N,AAC,334,S,6,0.03
N,AAC,334,T,4,0.03
N,AAC,334,V,4,0.0
N,AAC,334,W,1,0.0
N,AAC,334,Y,2,0.03
L,TTG,335,A,4,0.0
L,TTG,335,C,2,0.0
L,TTG,335,D,2,0.0
L,TTG,335,E,2,0.0
L,TTG,335,F,2,0.07073234635550898
L,TTG,335,G,4,0.0
L,TTG,335,H,2,0.0
L,TTG,335,I,3,0.0
L,TTG,335,K,2,0.0
L,TTG,335,M,1,0.03
L,TTG,335,N,2,0.0
L,TTG,335,P,4,0.0
L,TTG,335,Q,2,0.0
L,TTG,335,R,6,0.0
L,TTG,335,S,6,0.03
L,TTG,335,T,4,0.0
L,TTG,335,V,4,0.03
L,TTG,335,W,1,0.03
L,TTG,335,Y,2,0.0
C,TGC,336,A,4,0.0
C,TGC,336,D,2,0.0
C,TGC,336,E,2,0.0
C,TGC,336,F,2,0.04073234635550898
C,TGC,336,G,4,0.03
C,TGC,336,H,2,0.0
C,TGC,336,I,3,0.0
C,TGC,336,K,2,0.0
C,TGC,336,L,6,0.0
C,TGC,336,M,1,0.0
C,TGC,336,N,2,0.0
C,TGC,336,P,4,0.0
C,TGC,336,Q,2,0.0
C,TGC,336,R,6,0.03
C,TGC,336,S,6,0.06
C,TGC,336,T,4,0.0
C,TGC,336,V,4,0.0
C,TGC,336,W,1,0.03
C,TGC,336,Y,2,0.03479070084743444
P,CCT,337,A,4,0.03
P,CCT,337,C,2,0.0
P,CCT,337,D,2,0.0
P,CCT,337,E,2,0.0
P,CCT,337,F,2,0.0
P,CCT,337,G,4,0.0
P,CCT,337,H,2,0.03
P,CCT,337,I,3,0.0
P,CCT,337,K,2,0.0
P,CCT,337,L,6,0.1
P,CCT,337,M,1,0.0
P,CCT,337,N,2,0.0
P,CCT,337,Q,2,0.0
P,CCT,337,R,6,0.03
P,CCT,337,S,6,0.1
P,CCT,337,T,4,0.03
P,CCT,337,V,4,0.0
P,CCT,337,W,1,0.0
P,CCT,337,Y,2,0.0
F,TTT,338,A,4,0.0
F,TTT,338,C,2,0.03
F,TTT,338,D,2,0.0
F,TTT,338,E,2,0.0
F,TTT,338,G,4,0.0
F,TTT,338,H,2,0.0
F,TTT,338,I,3,0.03
F,TTT,338,K,2,0.0
F,TTT,338,L,6,0.09
F,TTT,338,M,1,0.0
F,TTT,338,N,2,0.0
F,TTT,338,P,4,0.0
F,TTT,338,Q,2,0.0
F,TTT,338,R,6,0.0
F,TTT,338,S,6,0.03
F,TTT,338,T,4,0.0
F,TTT,338,V,4,0.03
F,TTT,338,W,1,0.0
F,TTT,338,Y,2,0.03
H,CAT,339,A,4,0.0
H,CAT,339,C,2,0.0
H,CAT,339,D,2,0.03
H,CAT,339,E,2,0.0
H,CAT,339,F,2,0.0
H,CAT,339,G,4,0.0
H,CAT,339,I,3,0.0
H,CAT,339,K,2,0.0
H,CAT,339,L,6,0.03
H,CAT,339,M,1,0.0
H,CAT,339,N,2,0.03
H,CAT,339,P,4,0.03
H,CAT,339,Q,2,0.06
H,CAT,339,R,6,0.03
H,CAT,339,S,6,0.0
H,CAT,339,T,4,0.0
H,CAT,339,V,4,0.0
H,CAT,339,W,1,0.0
H,CAT,339,Y,2,0.1
E,GAA,340,A,4,0.03
E,GAA,340,C,2,0.0
E,GAA,340,D,2,0.06
E,GAA,340,F,2,0.0
E,GAA,340,G,4,0.03
E,GAA,340,H,2,0.0
E,GAA,340,I,3,0.0
E,GAA,340,K,2,0.03479070084743444
E,GAA,340,L,6,0.0
E,GAA,340,M,1,0.0
E,GAA,340,N,2,0.0
E,GAA,340,P,4,0.0
E,GAA,340,Q,2,0.03
E,GAA,340,R,6,0.0
E,GAA,340,S,6,0.0
E,GAA,340,T,4,0.0
E,GAA,340,V,4,0.03
E,GAA,340,W,1,0.0
E,GAA,340,Y,2,0.0
V,GTT,341,A,4,0.03
V,GTT,341,C,2,0.0
V,GTT,341,D,2,0.03
V,GTT,341,E,2,0.0
V,GTT,341,F,2,0.04073234635550898
V,GTT,341,G,4,0.03
V,GTT,341,H,2,0.0
V,GTT,341,I,3,0.03479070084743444
V,GTT,341,K,2,0.0
V,GTT,341,L,6,0.03
V,GTT,341,M,1,0.0
V,GTT,341,N,2,0.0
V,GTT,341,P,4,0.0
V,GTT,341,Q,2,0.0
V,GTT,341,R,6,0.0
V,GTT,341,S,6,0.0
V,GTT,341,T,4,0.0
V,GTT,341,W,1,0.0
V,GTT,341,Y,2,0.0
F,TTT,342,A,4,0.0
F,TTT,342,C,2,0.03
F,TTT,342,D,2,0.0
F,TTT,342,E,2,0.0
F,TTT,342,G,4,0.0
F,TTT,342,H,2,0.0
F,TTT,342,I,3,0.03
F,TTT,342,K,2,0.0
F,TTT,342,L,6,0.09
F,TTT,342,M,1,0.0
F,TTT,342,N,2,0.0
F,TTT,342,P,4,0.0
F,TTT,342,Q,2,0.0
F,TTT,342,R,6,0.0
F,TTT,342,S,6,0.03
F,TTT,342,T,4,0.0
F,TTT,342,V,4,0.03
F,TTT,342,W,1,0.0
F,TTT,342,Y,2,0.03
N,AAC,343,A,4,0.0
N,AAC,343,C,2,0.0
N,AAC,343,D,2,0.03
N,AAC,343,E,2,0.0
N,AAC,343,F,2,0.0
N,AAC,343,G,4,0.0
N,AAC,343,H,2,0.03
N,AAC,343,I,3,0.03
N,AAC,343,K,2,0.06
N,AAC,343,L,6,0.0
N,AAC,343,M,1,0.0
N,AAC,343,P,4,0.0
N,AAC,343,Q,2,0.0
N,AAC,343,R,6,0.0
N,AAC,343,S,6,0.03
N,AAC,343,T,4,0.03
N,AAC,343,V,4,0.0
N,AAC,343,W,1,0.0
N,AAC,343,Y,2,0.03
A,GCC,344,C,2,0.0
A,GCC,344,D,2,0.03
A,GCC,344,E,2,0.0
A,GCC,344,F,2,0.0
A,GCC,344,G,4,0.03
A,GCC,344,H,2,0.0
A,GCC,344,I,3,0.0
A,GCC,344,K,2,0.0
A,GCC,344,L,6,0.0
A,GCC,344,M,1,0.0
A,GCC,344,N,2,0.0
A,GCC,344,P,4,0.03
A,GCC,344,Q,2,0.0
A,GCC,344,R,6,0.0
A,GCC,344,S,6,0.04073234635550898
A,GCC,344,T,4,0.03479070084743444
A,GCC,344,V,4,0.1
A,GCC,344,W,1,0.0
A,GCC,344,Y,2,0.0
T,ACC,345,A,4,0.03
T,ACC,345,C,2,0.0
T,ACC,345,D,2,0.0
T,ACC,345,E,2,0.0
T,ACC,345,F,2,0.0
T,ACC,345,G,4,0.0
T,ACC,345,H,2,0.0
T,ACC,345,I,3,0.1
T,ACC,345,K,2,0.0
T,ACC,345,L,6,0.0
T,ACC,345,M,1,0.0
T,ACC,345,N,2,0.03
T,ACC,345,P,4,0.03
T,ACC,345,Q,2,0.0
T,ACC,345,R,6,0.0
T,ACC,345,S,6,0.06
T,ACC,345,V,4,0.0
T,ACC,345,W,1,0.0
T,ACC,345,Y,2,0.0
T,ACA,346,A,4,0.03
T,ACA,346,C,2,0.0
T,ACA,346,D,2,0.0
T,ACA,346,E,2,0.0
T,ACA,346,F,2,0.0
T,ACA,346,G,4,0.0
T,ACA,346,H,2,0.0
T,ACA,346,I,3,0.1
T,ACA,346,K,2,0.03
T,ACA,346,L,6,0.0
T,ACA,346,M,1,0.0
T,ACA,346,N,2,0.0
T,ACA,346,P,4,0.03
T,ACA,346,Q,2,0.0
T,ACA,346,R,6,0.03
T,ACA,346,S,6,0.03
T,ACA,346,V,4,0.0
T,ACA,346,W,1,0.0
T,ACA,346,Y,2,0.0
F,TTT,347,A,4,0.0
F,TTT,347,C,2,0.03
F,TTT,347,D,2,0.0
F,TTT,347,E,2,0.0
F,TTT,347,G,4,0.0
F,TTT,347,H,2,0.0
F,TTT,347,I,3,0.03
F,TTT,347,K,2,0.0
F,TTT,347,L,6,0.09
F,TTT,347,M,1,0.0
F,TTT,347,N,2,0.0
F,TTT,347,P,4,0.0
F,TTT,347,Q,2,0.0
F,TTT,347,R,6,0.0
F,TTT,347,S,6,0.03
F,TTT,347,T,4,0.0
F,TTT,347,V,4,0.03
F,TTT,347,W,1,0.0
F,TTT,347,Y,2,0.03
A,GCA,348,C,2,0.0
A,GCA,348,D,2,0.0
A,GCA,348,E,2,0.03
A,GCA,348,F,2,0.0
A,GCA,348,G,4,0.03
A,GCA,348,H,2,0.0
A,GCA,348,I,3,0.0
A,GCA,348,K,2,0.0
A,GCA,348,L,6,0.0
A,GCA,348,M,1,0.0
A,GCA,348,N,2,0.0
A,GCA,348,P,4,0.03
A,GCA,348,Q,2,0.0
A,GCA,348,R,6,0.0
A,GCA,348,S,6,0.04073234635550898
A,GCA,348,T,4,0.03479070084743444
A,GCA,348,V,4,0.1
A,GCA,348,W,1,0.0
A,GCA,348,Y,2,0.0
S,TCT,349,A,4,0.03
S,TCT,349,C,2,0.03
S,TCT,349,D,2,0.0
S,TCT,349,E,2,0.0
S,TCT,349,F,2,0.1
S,TCT,349,G,4,0.0
S,TCT,349,H,2,0.0
S,TCT,349,I,3,0.0
S,TCT,349,K,2,0.0
S,TCT,349,L,6,0.0
S,TCT,349,M,1,0.0
S,TCT,349,N,2,0.0
S,TCT,349,P,4,0.03
S,TCT,349,Q,2,0.0
S,TCT,349,R,6,0.0
S,TCT,349,T,4,0.03
S,TCT,349,V,4,0.0
S,TCT,349,W,1,0.0
S,TCT,349,Y,2,0.03
V,GTT,350,A,4,0.03
V,GTT,350,C,2,0.0
V,GTT,350,D,2,0.03
V,GTT,350,E,2,0.0
V,GTT,350,F,2,0.04073234635550898
V,GTT,350,G,4,0.03
V,GTT,350,H,2,0.0
V,GTT,350,I,3,0.03479070084743444
V,GTT,350,K,2,0.0
V,GTT,350,L,6,0.03
V,GTT,350,M,1,0.0
V,GTT,350,N,2,0.0
V,GTT,350,P,4,0.0
V,GTT,350,Q,2,0.0
V,GTT,350,R,6,0.0
V,GTT,350,S,6,0.0
V,GTT,350,T,4,0.0
V,GTT,350,W,1,0.0
V,GTT,350,Y,2,0.0
Y,TAT,351,A,4,0.0
Y,TAT,351,C,2,0.03
Y,TAT,351,D,2,0.03
Y,TAT,351,E,2,0.0
Y,TAT,351,F,2,0.03
Y,TAT,351,G,4,0.0
Y,TAT,351,H,2,0.03
Y,TAT,351,I,3,0.0
Y,TAT,351,K,2,0.0
Y,TAT,351,L,6,0.0
Y,TAT,351,M,1,0.0
Y,TAT,351,N,2,0.03
Y,TAT,351,P,4,0.0
Y,TAT,351,Q,2,0.0
Y,TAT,351,R,6,0.0
Y,TAT,351,S,6,0.03
Y,TAT,351,T,4,0.0
Y,TAT,351,V,4,0.0
Y,TAT,351,W,1,0.0
A,GCT,352,C,2,0.0
A,GCT,352,D,2,0.03
A,GCT,352,E,2,0.0
A,GCT,352,F,2,0.0
A,GCT,352,G,4,0.03
A,GCT,352,H,2,0.0
A,GCT,352,I,3,0.0
A,GCT,352,K,2,0.0
A,GCT,352,L,6,0.0
A,GCT,352,M,1,0.0
A,GCT,352,N,2,0.0
A,GCT,352,P,4,0.03
A,GCT,352,Q,2,0.0
A,GCT,352,R,6,0.0
A,GCT,352,S,6,0.04073234635550898
A,GCT,352,T,4,0.03479070084743444
A,GCT,352,V,4,0.1
A,GCT,352,W,1,0.0
A,GCT,352,Y,2,0.0
W,TGG,353,A,4,0.0
W,TGG,353,C,2,0.07073234635550898
W,TGG,353,D,2,0.0
W,TGG,353,E,2,0.0
W,TGG,353,F,2,0.0
W,TGG,353,G,4,0.03
W,TGG,353,H,2,0.0
W,TGG,353,I,3,0.0
W,TGG,353,K,2,0.0
W,TGG,353,L,6,0.04073234635550898
W,TGG,353,M,1,0.0
W,TGG,353,N,2,0.0
W,TGG,353,P,4,0.0
W,TGG,353,Q,2,0.0
W,TGG,353,R,6,0.06
W,TGG,353,S,6,0.03
W,TGG,353,T,4,0.0
W,TGG,353,V,4,0.0
W,TGG,353,Y,2,0.0
N,AAC,354,A,4,0.0
N,AAC,354,C,2,0.0
N,AAC,354,D,2,0.03
N,AAC,354,E,2,0.0
N,AAC,354,F,2,0.0
N,AAC,354,G,4,0.0
N,AAC,354,H,2,0.03
N,AAC,354,I,3,0.03
N,AAC,354,K,2,0.06
N,AAC,354,L,6,0.0
N,AAC,354,M,1,0.0
N,AAC,354,P,4,0.0
N,AAC,354,Q,2,0.0
N,AAC,354,R,6,0.0
N,AAC,354,S,6,0.03
N,AAC,354,T,4,0.03
N,AAC,354,V,4,0.0
N,AAC,354,W,1,0.0
N,AAC,354,Y,2,0.03
R,AGG,355,A,4,0.0
R,AGG,355,C,2,0.0
R,AGG,355,D,2,0.0
R,AGG,355,E,2,0.0
R,AGG,355,F,2,0.0
R,AGG,355,G,4,0.03
R,AGG,355,H,2,0.0
R,AGG,355,I,3,0.0
R,AGG,355,K,2,0.03479070084743444
R,AGG,355,L,6,0.0
R,AGG,355,M,1,0.04073234635550898
R,AGG,355,N,2,0.0
R,AGG,355,P,4,0.0
R,AGG,355,Q,2,0.0
R,AGG,355,S,6,0.07073234635550898
R,AGG,355,T,4,0.03
R,AGG,355,V,4,0.0
R,AGG,355,W,1,0.03
R,AGG,355,Y,2,0.0
K,AAG,356,A,4,0.0
K,AAG,356,C,2,0.0
K,AAG,356,D,2,0.0
K,AAG,356,E,2,0.03
K,AAG,356,F,2,0.0
K,AAG,356,G,4,0.0
K,AAG,356,H,2,0.0
K,AAG,356,I,3,0.0
K,AAG,356,L,6,0.0
K,AAG,356,M,1,0.03
K,AAG,356,N,2,0.07073234635550898
K,AAG,356,P,4,0.0
K,AAG,356,Q,2,0.03
K,AAG,356,R,6,0.03
K,AAG,356,S,6,0.0
K,AAG,356,T,4,0.03
K,AAG,356,V,4,0.0
K,AAG,356,W,1,0.0
K,AAG,356,Y,2,0.0
R,AGA,357,A,4,0.0
R,AGA,357,C,2,0.0
R,AGA,357,D,2,0.0
R,AGA,357,E,2,0.0
R,AGA,357,F,2,0.0
R,AGA,357,G,4,0.03
R,AGA,357,H,2,0.0
R,AGA,357,I,3,0.04073234635550898
R,AGA,357,K,2,0.03479070084743444
R,AGA,357,L,6,0.0
R,AGA,357,M,1,0.0
R,AGA,357,N,2,0.0
R,AGA,357,P,4,0.0
R,AGA,357,Q,2,0.0
R,AGA,357,S,6,0.06
R,AGA,357,T,4,0.03
R,AGA,357,V,4,0.0
R,AGA,357,W,1,0.0
R,AGA,357,Y,2,0.0
I,ATC,358,A,4,0.0
I,ATC,358,C,2,0.0
I,ATC,358,D,2,0.0
I,ATC,358,E,2,0.0
I,ATC,358,F,2,0.03
I,ATC,358,G,4,0.0
I,ATC,358,H,2,0.0
I,ATC,358,K,2,0.0
I,ATC,358,L,6,0.03
I,ATC,358,M,1,0.03
I,ATC,358,N,2,0.03
I,ATC,358,P,4,0.0
I,ATC,358,Q,2,0.0
I,ATC,358,R,6,0.0
I,ATC,358,S,6,0.03
I,ATC,358,T,4,0.03
I,ATC,358,V,4,0.03
I,ATC,358,W,1,0.0
I,ATC,358,Y,2,0.0
S,AGC,359,A,4,0.0
S,AGC,359,C,2,0.03
S,AGC,359,D,2,0.0
S,AGC,359,E,2,0.0
S,AGC,359,F,2,0.0
S,AGC,359,G,4,0.03
S,AGC,359,H,2,0.0
S,AGC,359,I,3,0.04073234635550898
S,AGC,359,K,2,0.0
S,AGC,359,L,6,0.0
S,AGC,359,M,1,0.0
S,AGC,359,N,2,0.03479070084743444
S,AGC,359,P,4,0.0
S,AGC,359,Q,2,0.0
S,AGC,359,R,6,0.09
S,AGC,359,T,4,0.03
S,AGC,359,V,4,0.0
S,AGC,359,W,1,0.0
S,AGC,359,Y,2,0.0
N,AAC,360,A,4,0.0
N,AAC,360,C,2,0.0
N,AAC,360,D,2,0.03
N,AAC,360,E,2,0.0
N,AAC,360,F,2,0.0
N,AAC,360,G,4,0.0
N,AAC,360,H,2,0.03
N,AAC,360,I,3,0.03
N,AAC,360,K,2,0.06
N,AAC,360,L,6,0.0
N,AAC,360,M,1,0.0
N,AAC,360,P,4,0.0
N,AAC,360,Q,2,0.0
N,AAC,360,R,6,0.0
N,AAC,360,S,6,0.03
N,AAC,360,T,4,0.03
N,AAC,360,V,4,0.0
N,AAC,360,W,1,0.0
N,AAC,360,Y,2,0.03
C,TGT,361,A,4,0.0
C,TGT,361,D,2,0.0
C,TGT,361,E,2,0.0
C,TGT,361,F,2,0.04073234635550898
C,TGT,361,G,4,0.03
C,TGT,361,H,2,0.0
C,TGT,361,I,3,0.0
C,TGT,361,K,2,0.0
C,TGT,361,L,6,0.0
C,TGT,361,M,1,0.0
C,TGT,361,N,2,0.0
C,TGT,361,P,4,0.0
C,TGT,361,Q,2,0.0
C,TGT,361,R,6,0.03
C,TGT,361,S,6,0.06
C,TGT,361,T,4,0.0
C,TGT,361,V,4,0.0
C,TGT,361,W,1,0.03
C,TGT,361,Y,2,0.03479070084743444
V,GTT,362,A,4,0.03
V,GTT,362,C,2,0.0
V,GTT,362,D,2,0.03
V,GTT,362,E,2,0.0
V,GTT,362,F,2,0.04073234635550898
V,GTT,362,G,4,0.03
V,GTT,362,H,2,0.0
V,GTT,362,I,3,0.03479070084743444
V,GTT,362,K,2,0.0
V,GTT,362,L,6,0.03
V,GTT,362,M,1,0.0
V,GTT,362,N,2,0.0
V,GTT,362,P,4,0.0
V,GTT,362,Q,2,0.0
V,GTT,362,R,6,0.0
V,GTT,362,S,6,0.0
V,GTT,362,T,4,0.0
V,GTT,362,W,1,0.0
V,GTT,362,Y,2,0.0
A,GCT,363,C,2,0.0
A,GCT,363,D,2,0.03
A,GCT,363,E,2,0.0
A,GCT,363,F,2,0.0
A,GCT,363,G,4,0.03
A,GCT,363,H,2,0.0
A,GCT,363,I,3,0.0
A,GCT,363,K,2,0.0
A,GCT,363,L,6,0.0
A,GCT,363,M,1,0.0
A,GCT,363,N,2,0.0
A,GCT,363,P,4,0.03
A,GCT,363,Q,2,0.0
A,GCT,363,R,6,0.0
A,GCT,363,S,6,0.04073234635550898
A,GCT,363,T,4,0.03479070084743444
A,GCT,363,V,4,0.1
A,GCT,363,W,1,0.0
A,GCT,363,Y,2,0.0
D,GAT,364,A,4,0.03
D,GAT,364,C,2,0.0
D,GAT,364,E,2,0.06
D,GAT,364,F,2,0.0
D,GAT,364,G,4,0.03
D,GAT,364,H,2,0.03
D,GAT,364,I,3,0.0
D,GAT,364,K,2,0.0
D,GAT,364,L,6,0.0
D,GAT,364,M,1,0.0
D,GAT,364,N,2,0.03479070084743444
D,GAT,364,P,4,0.0
D,GAT,364,Q,2,0.0
D,GAT,364,R,6,0.0
D,GAT,364,S,6,0.0
D,GAT,364,T,4,0.0
D,GAT,364,V,4,0.03
D,GAT,364,W,1,0.0
D,GAT,364,Y,2,0.04073234635550898
Y,TAT,365,A,4,0.0
Y,TAT,365,C,2,0.03
Y,TAT,365,D,2,0.03
Y,TAT,365,E,2,0.0
Y,TAT,365,F,2,0.03
Y,TAT,365,G,4,0.0
Y,TAT,365,H,2,0.03
Y,TAT,365,I,3,0.0
Y,TAT,365,K,2,0.0
Y,TAT,365,L,6,0.0
Y,TAT,365,M,1,0.0
Y,TAT,365,N,2,0.03
Y,TAT,365,P,4,0.0
Y,TAT,365,Q,2,0.0
Y,TAT,365,R,6,0.0
Y,TAT,365,S,6,0.03
Y,TAT,365,T,4,0.0
Y,TAT,365,V,4,0.0
Y,TAT,365,W,1,0.0
S,TCT,366,A,4,0.03
S,TCT,366,C,2,0.03
S,TCT,366,D,2,0.0
S,TCT,366,E,2,0.0
S,TCT,366,F,2,0.1
S,TCT,366,G,4,0.0
S,TCT,366,H,2,0.0
S,TCT,366,I,3,0.0
S,TCT,366,K,2,0.0
S,TCT,366,L,6,0.0
S,TCT,366,M,1,0.0
S,TCT,366,N,2,0.0
S,TCT,366,P,4,0.03
S,TCT,366,Q,2,0.0
S,TCT,366,R,6,0.0
S,TCT,366,T,4,0.03
S,TCT,366,V,4,0.0
S,TCT,366,W,1,0.0
S,TCT,366,Y,2,0.03
V,GTC,367,A,4,0.03
V,GTC,367,C,2,0.0
V,GTC,367,D,2,0.03
V,GTC,367,E,2,0.0
V,GTC,367,F,2,0.04073234635550898
V,GTC,367,G,4,0.03
V,GTC,367,H,2,0.0
V,GTC,367,I,3,0.03479070084743444
V,GTC,367,K,2,0.0
V,GTC,367,L,6,0.03
V,GTC,367,M,1,0.0
V,GTC,367,N,2,0.0
V,GTC,367,P,4,0.0
V,GTC,367,Q,2,0.0
V,GTC,367,R,6,0.0
V,GTC,367,S,6,0.0
V,GTC,367,T,4,0.0
V,GTC,367,W,1,0.0
V,GTC,367,Y,2,0.0
I,ATA,368,A,4,0.0
I,ATA,368,C,2,0.0
I,ATA,368,D,2,0.0
I,ATA,368,E,2,0.0
I,ATA,368,F,2,0.0
I,ATA,368,G,4,0.0
I,ATA,368,H,2,0.0
I,ATA,368,K,2,0.03
I,ATA,368,L,6,0.06
I,ATA,368,M,1,0.03
I,ATA,368,N,2,0.0
I,ATA,368,P,4,0.0
I,ATA,368,Q,2,0.0
I,ATA,368,R,6,0.03
I,ATA,368,S,6,0.0
I,ATA,368,T,4,0.03
I,ATA,368,V,4,0.03
I,ATA,368,W,1,0.0
I,ATA,368,Y,2,0.0
Y,TAT,369,A,4,0.0
Y,TAT,369,C,2,0.03
Y,TAT,369,D,2,0.03
Y,TAT,369,E,2,0.0
Y,TAT,369,F,2,0.03
Y,TAT,369,G,4,0.0
Y,TAT,369,H,2,0.03
Y,TAT,369,I,3,0.0
Y,TAT,369,K,2,0.0
Y,TAT,369,L,6,0.0
Y,TAT,369,M,1,0.0
Y,TAT,369,N,2,0.03
Y,TAT,369,P,4,0.0
Y,TAT,369,Q,2,0.0
Y,TAT,369,R,6,0.0
Y,TAT,369,S,6,0.03
Y,TAT,369,T,4,0.0
Y,TAT,369,V,4,0.0
Y,TAT,369,W,1,0.0
N,AAT,370,A,4,0.0
N,AAT,370,C,2,0.0
N,AAT,370,D,2,0.03
N,AAT,370,E,2,0.0
N,AAT,370,F,2,0.0
N,AAT,370,G,4,0.0
N,AAT,370,H,2,0.03
N,AAT,370,I,3,0.03
N,AAT,370,K,2,0.06
N,AAT,370,L,6,0.0
N,AAT,370,M,1,0.0
N,AAT,370,P,4,0.0
N,AAT,370,Q,2,0.0
N,AAT,370,R,6,0.0
N,AAT,370,S,6,0.03
N,AAT,370,T,4,0.03
N,AAT,370,V,4,0.0
N,AAT,370,W,1,0.0
N,AAT,370,Y,2,0.03
F,TTC,371,A,4,0.0
F,TTC,371,C,2,0.03
F,TTC,371,D,2,0.0
F,TTC,371,E,2,0.0
F,TTC,371,G,4,0.0
F,TTC,371,H,2,0.0
F,TTC,371,I,3,0.03
F,TTC,371,K,2,0.0
F,TTC,371,L,6,0.09
F,TTC,371,M,1,0.0
F,TTC,371,N,2,0.0
F,TTC,371,P,4,0.0
F,TTC,371,Q,2,0.0
F,TTC,371,R,6,0.0
F,TTC,371,S,6,0.03
F,TTC,371,T,4,0.0
F,TTC,371,V,4,0.03
F,TTC,371,W,1,0.0
F,TTC,371,Y,2,0.03
A,GCA,372,C,2,0.0
A,GCA,372,D,2,0.0
A,GCA,372,E,2,0.03
A,GCA,372,F,2,0.0
A,GCA,372,G,4,0.03
A,GCA,372,H,2,0.0
A,GCA,372,I,3,0.0
A,GCA,372,K,2,0.0
A,GCA,372,L,6,0.0
A,GCA,372,M,1,0.0
A,GCA,372,N,2,0.0
A,GCA,372,P,4,0.03
A,GCA,372,Q,2,0.0
A,GCA,372,R,6,0.0
A,GCA,372,S,6,0.04073234635550898
A,GCA,372,T,4,0.03479070084743444
A,GCA,372,V,4,0.1
A,GCA,372,W,1,0.0
A,GCA,372,Y,2,0.0
P,CCA,373,A,4,0.03
P,CCA,373,C,2,0.0
P,CCA,373,D,2,0.0
P,CCA,373,E,2,0.0
P,CCA,373,F,2,0.0
P,CCA,373,G,4,0.0
P,CCA,373,H,2,0.0
P,CCA,373,I,3,0.0
P,CCA,373,K,2,0.0
P,CCA,373,L,6,0.1
P,CCA,373,M,1,0.0
P,CCA,373,N,2,0.0
P,CCA,373,Q,2,0.03
P,CCA,373,R,6,0.03
P,CCA,373,S,6,0.1
P,CCA,373,T,4,0.03
P,CCA,373,V,4,0.0
P,CCA,373,W,1,0.0
P,CCA,373,Y,2,0.0
F,TTT,374,A,4,0.0
F,TTT,374,C,2,0.03
F,TTT,374,D,2,0.0
F,TTT,374,E,2,0.0
F,TTT,374,G,4,0.0
F,TTT,374,H,2,0.0
F,TTT,374,I,3,0.03
F,TTT,374,K,2,0.0
F,TTT,374,L,6,0.09
F,TTT,374,M,1,0.0
F,TTT,374,N,2,0.0
F,TTT,374,P,4,0.0
F,TTT,374,Q,2,0.0
F,TTT,374,R,6,0.0
F,TTT,374,S,6,0.03
F,TTT,374,T,4,0.0
F,TTT,374,V,4,0.03
F,TTT,374,W,1,0.0
F,TTT,374,Y,2,0.03
F,TTC,375,A,4,0.0
F,TTC,375,C,2,0.03
F,TTC,375,D,2,0.0
F,TTC,375,E,2,0.0
F,TTC,375,G,4,0.0
F,TTC,375,H,2,0.0
F,TTC,375,I,3,0.03
F,TTC,375,K,2,0.0
F,TTC,375,L,6,0.09
F,TTC,375,M,1,0.0
F,TTC,375,N,2,0.0
F,TTC,375,P,4,0.0
F,TTC,375,Q,2,0.0
F,TTC,375,R,6,0.0
F,TTC,375,S,6,0.03
F,TTC,375,T,4,0.0
F,TTC,375,V,4,0.03
F,TTC,375,W,1,0.0
F,TTC,375,Y,2,0.03
A,GCT,376,C,2,0.0
A,GCT,376,D,2,0.03
A,GCT,376,E,2,0.0
A,GCT,376,F,2,0.0
A,GCT,376,G,4,0.03
A,GCT,376,H,2,0.0
A,GCT,376,I,3,0.0
A,GCT,376,K,2,0.0
A,GCT,376,L,6,0.0
A,GCT,376,M,1,0.0
A,GCT,376,N,2,0.0
A,GCT,376,P,4,0.03
A,GCT,376,Q,2,0.0
A,GCT,376,R,6,0.0
A,GCT,376,S,6,0.04073234635550898
A,GCT,376,T,4,0.03479070084743444
A,GCT,376,V,4,0.1
A,GCT,376,W,1,0.0
A,GCT,376,Y,2,0.0
F,TTT,377,A,4,0.0
F,TTT,377,C,2,0.03
F,TTT,377,D,2,0.0
F,TTT,377,E,2,0.0
F,TTT,377,G,4,0.0
F,TTT,377,H,2,0.0
F,TTT,377,I,3,0.03
F,TTT,377,K,2,0.0
F,TTT,377,L,6,0.09
F,TTT,377,M,1,0.0
F,TTT,377,N,2,0.0
F,TTT,377,P,4,0.0
F,TTT,377,Q,2,0.0
F,TTT,377,R,6,0.0
F,TTT,377,S,6,0.03
F,TTT,377,T,4,0.0
F,TTT,377,V,4,0.03
F,TTT,377,W,1,0.0
F,TTT,377,Y,2,0.03
K,AAG,378,A,4,0.0
K,AAG,378,C,2,0.0
K,AAG,378,D,2,0.0
K,AAG,378,E,2,0.03
K,AAG,378,F,2,0.0
K,AAG,378,G,4,0.0
K,AAG,378,H,2,0.0
K,AAG,378,I,3,0.0
K,AAG,378,L,6,0.0
K,AAG,378,M,1,0.03
K,AAG,378,N,2,0.07073234635550898
K,AAG,378,P,4,0.0
K,AAG,378,Q,2,0.03
K,AAG,378,R,6,0.03
K,AAG,378,S,6,0.0
K,AAG,378,T,4,0.03
K,AAG,378,V,4,0.0
K,AAG,378,W,1,0.0
K,AAG,378,Y,2,0.0
C,TGT,379,A,4,0.0
C,TGT,379,D,2,0.0
C,TGT,379,E,2,0.0
C,TGT,379,F,2,0.04073234635550898
C,TGT,379,G,4,0.03
C,TGT,379,H,2,0.0
C,TGT,379,I,3,0.0
C,TGT,379,K,2,0.0
C,TGT,379,L,6,0.0
C,TGT,379,M,1,0.0
C,TGT,379,N,2,0.0
C,TGT,379,P,4,0.0
C,TGT,379,Q,2,0.0
C,TGT,379,R,6,0.03
C,TGT,379,S,6,0.06
C,TGT,379,T,4,0.0
C,TGT,379,V,4,0.0
C,TGT,379,W,1,0.03
C,TGT,379,Y,2,0.03479070084743444
Y,TAT,380,A,4,0.0
Y,TAT,380,C,2,0.03
Y,TAT,380,D,2,0.03
Y,TAT,380,E,2,0.0
Y,TAT,380,F,2,0.03
Y,TAT,380,G,4,0.0
Y,TAT,380,H,2,0.03
Y,TAT,380,I,3,0.0
Y,TAT,380,K,2,0.0
Y,TAT,380,L,6,0.0
Y,TAT,380,M,1,0.0
Y,TAT,380,N,2,0.03
Y,TAT,380,P,4,0.0
Y,TAT,380,Q,2,0.0
Y,TAT,380,R,6,0.0
Y,TAT,380,S,6,0.03
Y,TAT,380,T,4,0.0
Y,TAT,380,V,4,0.0
Y,TAT,380,W,1,0.0
G,GGA,381,A,4,0.03
G,GGA,381,C,2,0.0
G,GGA,381,D,2,0.0
G,GGA,381,E,2,0.03479070084743444
G,GGA,381,F,2,0.0
G,GGA,381,H,2,0.0
G,GGA,381,I,3,0.0
G,GGA,381,K,2,0.0
G,GGA,381,L,6,0.0
G,GGA,381,M,1,0.0
G,GGA,381,N,2,0.0
G,GGA,381,P,4,0.0
G,GGA,381,Q,2,0.0
G,GGA,381,R,6,0.06479070084743443
G,GGA,381,S,6,0.0
G,GGA,381,T,4,0.0
G,GGA,381,V,4,0.04073234635550898
G,GGA,381,W,1,0.0
G,GGA,381,Y,2,0.0
V,GTG,382,A,4,0.03
V,GTG,382,C,2,0.0
V,GTG,382,D,2,0.0
V,GTG,382,E,2,0.03
V,GTG,382,F,2,0.0
V,GTG,382,G,4,0.03
V,GTG,382,H,2,0.0
V,GTG,382,I,3,0.0
V,GTG,382,K,2,0.0
V,GTG,382,L,6,0.07073234635550898
V,GTG,382,M,1,0.03479070084743444
V,GTG,382,N,2,0.0
V,GTG,382,P,4,0.0
V,GTG,382,Q,2,0.0
V,GTG,382,R,6,0.0
V,GTG,382,S,6,0.0
V,GTG,382,T,4,0.0
V,GTG,382,W,1,0.0
V,GTG,382,Y,2,0.0
S,TCT,383,A,4,0.03
S,TCT,383,C,2,0.03
S,TCT,383,D,2,0.0
S,TCT,383,E,2,0.0
S,TCT,383,F,2,0.1
S,TCT,383,G,4,0.0
S,TCT,383,H,2,0.0
S,TCT,383,I,3,0.0
S,TCT,383,K,2,0.0
S,TCT,383,L,6,0.0
S,TCT,383,M,1,0.0
S,TCT,383,N,2,0.0
S,TCT,383,P,4,0.03
S,TCT,383,Q,2,0.0
S,TCT,383,R,6,0.0
S,TCT,383,T,4,0.03
S,TCT,383,V,4,0.0
S,TCT,383,W,1,0.0
S,TCT,383,Y,2,0.03
P,CCT,384,A,4,0.03
P,CCT,384,C,2,0.0
P,CCT,384,D,2,0.0
P,CCT,384,E,2,0.0
P,CCT,384,F,2,0.0
P,CCT,384,G,4,0.0
P,CCT,384,H,2,0.03
P,CCT,384,I,3,0.0
P,CCT,384,K,2,0.0
P,CCT,384,L,6,0.1
P,CCT,384,M,1,0.0
P,CCT,384,N,2,0.0
P,CCT,384,Q,2,0.0
P,CCT,384,R,6,0.03
P,CCT,384,S,6,0.1
P,CCT,384,T,4,0.03
P,CCT,384,V,4,0.0
P,CCT,384,W,1,0.0
P,CCT,384,Y,2,0.0
T,ACT,385,A,4,0.03
T,ACT,385,C,2,0.0
T,ACT,385,D,2,0.0
T,ACT,385,E,2,0.0
T,ACT,385,F,2,0.0
T,ACT,385,G,4,0.0
T,ACT,385,H,2,0.0
T,ACT,385,I,3,0.1
T,ACT,385,K,2,0.0
T,ACT,385,L,6,0.0
T,ACT,385,M,1,0.0
T,ACT,385,N,2,0.03
T,ACT,385,P,4,0.03
T,ACT,385,Q,2,0.0
T,ACT,385,R,6,0.0
T,ACT,385,S,6,0.06
T,ACT,385,V,4,0.0
T,ACT,385,W,1,0.0
T,ACT,385,Y,2,0.0
K,AAA,386,A,4,0.0
K,AAA,386,C,2,0.0
K,AAA,386,D,2,0.0
K,AAA,386,E,2,0.03
K,AAA,386,F,2,0.0
K,AAA,386,G,4,0.0
K,AAA,386,H,2,0.0
K,AAA,386,I,3,0.03
K,AAA,386,L,6,0.0
K,AAA,386,M,1,0.0
K,AAA,386,N,2,0.06
K,AAA,386,P,4,0.0
K,AAA,386,Q,2,0.03
K,AAA,386,R,6,0.03
K,AAA,386,S,6,0.0
K,AAA,386,T,4,0.03
K,AAA,386,V,4,0.0
K,AAA,386,W,1,0.0
K,AAA,386,Y,2,0.0
L,TTA,387,A,4,0.0
L,TTA,387,C,2,0.0
L,TTA,387,D,2,0.0
L,TTA,387,E,2,0.0
L,TTA,387,F,2,0.06
L,TTA,387,G,4,0.0
L,TTA,387,H,2,0.0
L,TTA,387,I,3,0.03
L,TTA,387,K,2,0.0
L,TTA,387,M,1,0.0
L,TTA,387,N,2,0.0
L,TTA,387,P,4,0.0
L,TTA,387,Q,2,0.0
L,TTA,387,R,6,0.0
L,TTA,387,S,6,0.03
L,TTA,387,T,4,0.0
L,TTA,387,V,4,0.03
L,TTA,387,W,1,0.0
L,TTA,387,Y,2,0.0
N,AAT,388,A,4,0.0
N,AAT,388,C,2,0.0
N,AAT,388,D,2,0.03
N,AAT,388,E,2,0.0
N,AAT,388,F,2,0.0
N,AAT,388,G,4,0.0
N,AAT,388,H,2,0.03
N,AAT,388,I,3,0.03
N,AAT,388,K,2,0.06
N,AAT,388,L,6,0.0
N,AAT,388,M,1,0.0
N,AAT,388,P,4,0.0
N,AAT,388,Q,2,0.0
N,AAT,388,R,6,0.0
N,AAT,388,S,6,0.03
N,AAT,388,T,4,0.03
N,AAT,388,V,4,0.0
N,AAT,388,W,1,0.0
N,AAT,388,Y,2,0.03
D,GAT,389,A,4,0.03
D,GAT,389,C,2,0.0
D,GAT,389,E,2,0.06
D,GAT,389,F,2,0.0
D,GAT,389,G,4,0.03
D,GAT,389,H,2,0.03
D,GAT,389,I,3,0.0
D,GAT,389,K,2,0.0
D,GAT,389,L,6,0.0
D,GAT,389,M,1,0.0
D,GAT,389,N,2,0.03479070084743444
D,GAT,389,P,4,0.0
D,GAT,389,Q,2,0.0
D,GAT,389,R,6,0.0
D,GAT,389,S,6,0.0
D,GAT,389,T,4,0.0
D,GAT,389,V,4,0.03
D,GAT,389,W,1,0.0
D,GAT,389,Y,2,0.04073234635550898
L,CTC,390,A,4,0.0
L,CTC,390,C,2,0.0
L,CTC,390,D,2,0.0
L,CTC,390,E,2,0.0
L,CTC,390,F,2,0.1
L,CTC,390,G,4,0.0
L,CTC,390,H,2,0.03
L,CTC,390,I,3,0.03
L,CTC,390,K,2,0.0
L,CTC,390,M,1,0.0
L,CTC,390,N,2,0.0
L,CTC,390,P,4,0.03
L,CTC,390,Q,2,0.0
L,CTC,390,R,6,0.03
L,CTC,390,S,6,0.0
L,CTC,390,T,4,0.0
L,CTC,390,V,4,0.03
L,CTC,390,W,1,0.0
L,CTC,390,Y,2,0.0
C,TGC,391,A,4,0.0
C,TGC,391,D,2,0.0
C,TGC,391,E,2,0.0
C,TGC,391,F,2,0.04073234635550898
C,TGC,391,G,4,0.03
C,TGC,391,H,2,0.0
C,TGC,391,I,3,0.0
C,TGC,391,K,2,0.0
C,TGC,391,L,6,0.0
C,TGC,391,M,1,0.0
C,TGC,391,N,2,0.0
C,TGC,391,P,4,0.0
C,TGC,391,Q,2,0.0
C,TGC,391,R,6,0.03
C,TGC,391,S,6,0.06
C,TGC,391,T,4,0.0
C,TGC,391,V,4,0.0
C,TGC,391,W,1,0.03
C,TGC,391,Y,2,0.03479070084743444
F,TTT,392,A,4,0.0
F,TTT,392,C,2,0.03
F,TTT,392,D,2,0.0
F,TTT,392,E,2,0.0
F,TTT,392,G,4,0.0
F,TTT,392,H,2,0.0
F,TTT,392,I,3,0.03
F,TTT,392,K,2,0.0
F,TTT,392,L,6,0.09
F,TTT,392,M,1,0.0
F,TTT,392,N,2,0.0
F,TTT,392,P,4,0.0
F,TTT,392,Q,2,0.0
F,TTT,392,R,6,0.0
F,TTT,392,S,6,0.03
F,TTT,392,T,4,0.0
F,TTT,392,V,4,0.03
F,TTT,392,W,1,0.0
F,TTT,392,Y,2,0.03
T,ACT,393,A,4,0.03
T,ACT,393,C,2,0.0
T,ACT,393,D,2,0.0
T,ACT,393,E,2,0.0
T,ACT,393,F,2,0.0
T,ACT,393,G,4,0.0
T,ACT,393,H,2,0.0
T,ACT,393,I,3,0.1
T,ACT,393,K,2,0.0
T,ACT,393,L,6,0.0
T,ACT,393,M,1,0.0
T,ACT,393,N,2,0.03
T,ACT,393,P,4,0.03
T,ACT,393,Q,2,0.0
T,ACT,393,R,6,0.0
T,ACT,393,S,6,0.06
T,ACT,393,V,4,0.0
T,ACT,393,W,1,0.0
T,ACT,393,Y,2,0.0
N,AAT,394,A,4,0.0
N,AAT,394,C,2,0.0
N,AAT,394,D,2,0.03
N,AAT,394,E,2,0.0
N,AAT,394,F,2,0.0
N,AAT,394,G,4,0.0
N,AAT,394,H,2,0.03
N,AAT,394,I,3,0.03
N,AAT,394,K,2,0.06
N,AAT,394,L,6,0.0
N,AAT,394,M,1,0.0
N,AAT,394,P,4,0.0
N,AAT,394,Q,2,0.0
N,AAT,394,R,6,0.0
N,AAT,394,S,6,0.03
N,AAT,394,T,4,0.03
N,AAT,394,V,4,0.0
N,AAT,394,W,1,0.0
N,AAT,394,Y,2,0.03
V,GTC,395,A,4,0.03
V,GTC,395,C,2,0.0
V,GTC,395,D,2,0.03
V,GTC,395,E,2,0.0
V,GTC,395,F,2,0.04073234635550898
V,GTC,395,G,4,0.03
V,GTC,395,H,2,0.0
V,GTC,395,I,3,0.03479070084743444
V,GTC,395,K,2,0.0
V,GTC,395,L,6,0.03
V,GTC,395,M,1,0.0
V,GTC,395,N,2,0.0
V,GTC,395,P,4,0.0
V,GTC,395,Q,2,0.0
V,GTC,395,R,6,0.0
V,GTC,395,S,6,0.0
V,GTC,395,T,4,0.0
V,GTC,395,W,1,0.0
V,GTC,395,Y,2,0.0
Y,TAT,396,A,4,0.0
Y,TAT,396,C,2,0.03
Y,TAT,396,D,2,0.03
Y,TAT,396,E,2,0.0
Y,TAT,396,F,2,0.03
Y,TAT,396,G,4,0.0
Y,TAT,396,H,2,0.03
Y,TAT,396,I,3,0.0
Y,TAT,396,K,2,0.0
Y,TAT,396,L,6,0.0
Y,TAT,396,M,1,0.0
Y,TAT,396,N,2,0.03
Y,TAT,396,P,4,0.0
Y,TAT,396,Q,2,0.0
Y,TAT,396,R,6,0.0
Y,TAT,396,S,6,0.03
Y,TAT,396,T,4,0.0
Y,TAT,396,V,4,0.0
Y,TAT,396,W,1,0.0
A,GCA,397,C,2,0.0
A,GCA,397,D,2,0.0
A,GCA,397,E,2,0.03
A,GCA,397,F,2,0.0
A,GCA,397,G,4,0.03
A,GCA,397,H,2,0.0
A,GCA,397,I,3,0.0
A,GCA,397,K,2,0.0
A,GCA,397,L,6,0.0
A,GCA,397,M,1,0.0
A,GCA,397,N,2,0.0
A,GCA,397,P,4,0.03
A,GCA,397,Q,2,0.0
A,GCA,397,R,6,0.0
A,GCA,397,S,6,0.04073234635550898
A,GCA,397,T,4,0.03479070084743444
A,GCA,397,V,4,0.1
A,GCA,397,W,1,0.0
A,GCA,397,Y,2,0.0
D,GAT,398,A,4,0.03
D,GAT,398,C,2,0.0
D,GAT,398,E,2,0.06
D,GAT,398,F,2,0.0
D,GAT,398,G,4,0.03
D,GAT,398,H,2,0.03
D,GAT,398,I,3,0.0
D,GAT,398,K,2,0.0
D,GAT,398,L,6,0.0
D,GAT,398,M,1,0.0
D,GAT,398,N,2,0.03479070084743444
D,GAT,398,P,4,0.0
D,GAT,398,Q,2,0.0
D,GAT,398,R,6,0.0
D,GAT,398,S,6,0.0
D,GAT,398,T,4,0.0
D,GAT,398,V,4,0.03
D,GAT,398,W,1,0.0
D,GAT,398,Y,2,0.04073234635550898
S,TCA,399,A,4,0.03
S,TCA,399,C,2,0.0
S,TCA,399,D,2,0.0
S,TCA,399,E,2,0.0
S,TCA,399,F,2,0.0
S,TCA,399,G,4,0.0
S,TCA,399,H,2,0.0
S,TCA,399,I,3,0.0
S,TCA,399,K,2,0.0
S,TCA,399,L,6,0.1
S,TCA,399,M,1,0.0
S,TCA,399,N,2,0.0
S,TCA,399,P,4,0.03
S,TCA,399,Q,2,0.0
S,TCA,399,R,6,0.0
S,TCA,399,T,4,0.03
S,TCA,399,V,4,0.0
S,TCA,399,W,1,0.0
S,TCA,399,Y,2,0.0
F,TTT,400,A,4,0.0
F,TTT,400,C,2,0.03
F,TTT,400,D,2,0.0
F,TTT,400,E,2,0.0
F,TTT,400,G,4,0.0
F,TTT,400,H,2,0.0
F,TTT,400,I,3,0.03
F,TTT,400,K,2,0.0
F,TTT,400,L,6,0.09
F,TTT,400,M,1,0.0
F,TTT,400,N,2,0.0
F,TTT,400,P,4,0.0
F,TTT,400,Q,2,0.0
F,TTT,400,R,6,0.0
F,TTT,400,S,6,0.03
F,TTT,400,T,4,0.0
F,TTT,400,V,4,0.03
F,TTT,400,W,1,0.0
F,TTT,400,Y,2,0.03
V,GTA,401,A,4,0.03
V,GTA,401,C,2,0.0
V,GTA,401,D,2,0.0
V,GTA,401,E,2,0.03
V,GTA,401,F,2,0.0
V,GTA,401,G,4,0.03
V,GTA,401,H,2,0.0
V,GTA,401,I,3,0.03479070084743444
V,GTA,401,K,2,0.0
V,GTA,401,L,6,0.07073234635550898
V,GTA,401,M,1,0.0
V,GTA,401,N,2,0.0
V,GTA,401,P,4,0.0
V,GTA,401,Q,2,0.0
V,GTA,401,R,6,0.0
V,GTA,401,S,6,0.0
V,GTA,401,T,4,0.0
V,GTA,401,W,1,0.0
V,GTA,401,Y,2,0.0
I,ATT,402,A,4,0.0
I,ATT,402,C,2,0.0
I,ATT,402,D,2,0.0
I,ATT,402,E,2,0.0
I,ATT,402,F,2,0.03
I,ATT,402,G,4,0.0
I,ATT,402,H,2,0.0
I,ATT,402,K,2,0.0
I,ATT,402,L,6,0.03
I,ATT,402,M,1,0.03
I,ATT,402,N,2,0.03
I,ATT,402,P,4,0.0
I,ATT,402,Q,2,0.0
I,ATT,402,R,6,0.0
I,ATT,402,S,6,0.03
I,ATT,402,T,4,0.03
I,ATT,402,V,4,0.03
I,ATT,402,W,1,0.0
I,ATT,402,Y,2,0.0
R,AGA,403,A,4,0.0
R,AGA,403,C,2,0.0
R,AGA,403,D,2,0.0
R,AGA,403,E,2,0.0
R,AGA,403,F,2,0.0
R,AGA,403,G,4,0.03
R,AGA,403,H,2,0.0
R,AGA,403,I,3,0.04073234635550898
R,AGA,403,K,2,0.03479070084743444
R,AGA,403,L,6,0.0
R,AGA,403,M,1,0.0
R,AGA,403,N,2,0.0
R,AGA,403,P,4,0.0
R,AGA,403,Q,2,0.0
R,AGA,403,S,6,0.06
R,AGA,403,T,4,0.03
R,AGA,403,V,4,0.0
R,AGA,403,W,1,0.0
R,AGA,403,Y,2,0.0
G,GGT,404,A,4,0.03
G,GGT,404,C,2,0.04073234635550898
G,GGT,404,D,2,0.03479070084743444
G,GGT,404,E,2,0.0
G,GGT,404,F,2,0.0
G,GGT,404,H,2,0.0
G,GGT,404,I,3,0.0
G,GGT,404,K,2,0.0
G,GGT,404,L,6,0.0
G,GGT,404,M,1,0.0
G,GGT,404,N,2,0.0
G,GGT,404,P,4,0.0
G,GGT,404,Q,2,0.0
G,GGT,404,R,6,0.03
G,GGT,404,S,6,0.03479070084743444
G,GGT,404,T,4,0.0
G,GGT,404,V,4,0.04073234635550898
G,GGT,404,W,1,0.0
G,GGT,404,Y,2,0.0
N,AAT,405,A,4,0.0
N,AAT,405,C,2,0.0
N,AAT,405,D,2,0.03
N,AAT,405,E,2,0.0
N,AAT,405,F,2,0.0
N,AAT,405,G,4,0.0
N,AAT,405,H,2,0.03
N,AAT,405,I,3,0.03
N,AAT,405,K,2,0.06
N,AAT,405,L,6,0.0
N,AAT,405,M,1,0.0
N,AAT,405,P,4,0.0
N,AAT,405,Q,2,0.0
N,AAT,405,R,6,0.0
N,AAT,405,S,6,0.03
N,AAT,405,T,4,0.03
N,AAT,405,V,4,0.0
N,AAT,405,W,1,0.0
N,AAT,405,Y,2,0.03
E,GAA,406,A,4,0.03
E,GAA,406,C,2,0.0
E,GAA,406,D,2,0.06
E,GAA,406,F,2,0.0
E,GAA,406,G,4,0.03
E,GAA,406,H,2,0.0
E,GAA,406,I,3,0.0
E,GAA,406,K,2,0.03479070084743444
E,GAA,406,L,6,0.0
E,GAA,406,M,1,0.0
E,GAA,406,N,2,0.0
E,GAA,406,P,4,0.0
E,GAA,406,Q,2,0.03
E,GAA,406,R,6,0.0
E,GAA,406,S,6,0.0
E,GAA,406,T,4,0.0
E,GAA,406,V,4,0.03
E,GAA,406,W,1,0.0
E,GAA,406,Y,2,0.0
V,GTC,407,A,4,0.03
V,GTC,407,C,2,0.0
V,GTC,407,D,2,0.03
V,GTC,407,E,2,0.0
V,GTC,407,F,2,0.04073234635550898
V,GTC,407,G,4,0.03
V,GTC,407,H,2,0.0
V,GTC,407,I,3,0.03479070084743444
V,GTC,407,K,2,0.0
V,GTC,407,L,6,0.03
V,GTC,407,M,1,0.0
V,GTC,407,N,2,0.0
V,GTC,407,P,4,0.0
V,GTC,407,Q,2,0.0
V,GTC,407,R,6,0.0
V,GTC,407,S,6,0.0
V,GTC,407,T,4,0.0
V,GTC,407,W,1,0.0
V,GTC,407,Y,2,0.0
S,AGC,408,A,4,0.0
S,AGC,408,C,2,0.03
S,AGC,408,D,2,0.0
S,AGC,408,E,2,0.0
S,AGC,408,F,2,0.0
S,AGC,408,G,4,0.03
S,AGC,408,H,2,0.0
S,AGC,408,I,3,0.04073234635550898
S,AGC,408,K,2,0.0
S,AGC,408,L,6,0.0
S,AGC,408,M,1,0.0
S,AGC,408,N,2,0.03479070084743444
S,AGC,408,P,4,0.0
S,AGC,408,Q,2,0.0
S,AGC,408,R,6,0.09
S,AGC,408,T,4,0.03
S,AGC,408,V,4,0.0
S,AGC,408,W,1,0.0
S,AGC,408,Y,2,0.0
Q,CAA,409,A,4,0.0
Q,CAA,409,C,2,0.0
Q,CAA,409,D,2,0.0
Q,CAA,409,E,2,0.03
Q,CAA,409,F,2,0.0
Q,CAA,409,G,4,0.0
Q,CAA,409,H,2,0.06
Q,CAA,409,I,3,0.0
Q,CAA,409,K,2,0.03
Q,CAA,409,L,6,0.03
Q,CAA,409,M,1,0.0
Q,CAA,409,N,2,0.0
Q,CAA,409,P,4,0.03
Q,CAA,409,R,6,0.03
Q,CAA,409,S,6,0.0
Q,CAA,409,T,4,0.0
Q,CAA,409,V,4,0.0
Q,CAA,409,W,1,0.0
Q,CAA,409,Y,2,0.0
I,ATC,410,A,4,0.0
I,ATC,410,C,2,0.0
I,ATC,410,D,2,0.0
I,ATC,410,E,2,0.0
I,ATC,410,F,2,0.03
I,ATC,410,G,4,0.0
I,ATC,410,H,2,0.0
I,ATC,410,K,2,0.0
I,ATC,410,L,6,0.03
I,ATC,410,M,1,0.03
I,ATC,410,N,2,0.03
I,ATC,410,P,4,0.0
I,ATC,410,Q,2,0.0
I,ATC,410,R,6,0.0
I,ATC,410,S,6,0.03
I,ATC,410,T,4,0.03
I,ATC,410,V,4,0.03
I,ATC,410,W,1,0.0
I,ATC,410,Y,2,0.0
A,GCT,411,C,2,0.0
A,GCT,411,D,2,0.03
A,GCT,411,E,2,0.0
A,GCT,411,F,2,0.0
A,GCT,411,G,4,0.03
A,GCT,411,H,2,0.0
A,GCT,411,I,3,0.0
A,GCT,411,K,2,0.0
A,GCT,411,L,6,0.0
A,GCT,411,M,1,0.0
A,GCT,411,N,2,0.0
A,GCT,411,P,4,0.03
A,GCT,411,Q,2,0.0
A,GCT,411,R,6,0.0
A,GCT,411,S,6,0.04073234635550898
A,GCT,411,T,4,0.03479070084743444
A,GCT,411,V,4,0.1
A,GCT,411,W,1,0.0
A,GCT,411,Y,2,0.0
P,CCA,412,A,4,0.03
P,CCA,412,C,2,0.0
P,CCA,412,D,2,0.0
P,CCA,412,E,2,0.0
P,CCA,412,F,2,0.0
P,CCA,412,G,4,0.0
P,CCA,412,H,2,0.0
P,CCA,412,I,3,0.0
P,CCA,412,K,2,0.0
P,CCA,412,L,6,0.1
P,CCA,412,M,1,0.0
P,CCA,412,N,2,0.0
P,CCA,412,Q,2,0.03
P,CCA,412,R,6,0.03
P,CCA,412,S,6,0.1
P,CCA,412,T,4,0.03
P,CCA,412,V,4,0.0
P,CCA,412,W,1,0.0
P,CCA,412,Y,2,0.0
G,GGG,413,A,4,0.03
G,GGG,413,C,2,0.0
G,GGG,413,D,2,0.0
G,GGG,413,E,2,0.03479070084743444
G,GGG,413,F,2,0.0
G,GGG,413,H,2,0.0
G,GGG,413,I,3,0.0
G,GGG,413,K,2,0.0
G,GGG,413,L,6,0.0
G,GGG,413,M,1,0.0
G,GGG,413,N,2,0.0
G,GGG,413,P,4,0.0
G,GGG,413,Q,2,0.0
G,GGG,413,R,6,0.06479070084743443
G,GGG,413,S,6,0.0
G,GGG,413,T,4,0.0
G,GGG,413,V,4,0.04073234635550898
G,GGG,413,W,1,0.04073234635550898
G,GGG,413,Y,2,0.0
Q,CAA,414,A,4,0.0
Q,CAA,414,C,2,0.0
Q,CAA,414,D,2,0.0
Q,CAA,414,E,2,0.03
Q,CAA,414,F,2,0.0
Q,CAA,414,G,4,0.0
Q,CAA,414,H,2,0.06
Q,CAA,414,I,3,0.0
Q,CAA,414,K,2,0.03
Q,CAA,414,L,6,0.03
Q,CAA,414,M,1,0.0
Q,CAA,414,N,2,0.0
Q,CAA,414,P,4,0.03
Q,CAA,414,R,6,0.03
Q,CAA,414,S,6,0.0
Q,CAA,414,T,4,0.0
Q,CAA,414,V,4,0.0
Q,CAA,414,W,1,0.0
Q,CAA,414,Y,2,0.0
T,ACT,415,A,4,0.03
T,ACT,415,C,2,0.0
T,ACT,415,D,2,0.0
T,ACT,415,E,2,0.0
T,ACT,415,F,2,0.0
T,ACT,415,G,4,0.0
T,ACT,415,H,2,0.0
T,ACT,415,I,3,0.1
T,ACT,415,K,2,0.0
T,ACT,415,L,6,0.0
T,ACT,415,M,1,0.0
T,ACT,415,N,2,0.03
T,ACT,415,P,4,0.03
T,ACT,415,Q,2,0.0
T,ACT,415,R,6,0.0
T,ACT,415,S,6,0.06
T,ACT,415,V,4,0.0
T,ACT,415,W,1,0.0
T,ACT,415,Y,2,0.0
G,GGA,416,A,4,0.03
G,GGA,416,C,2,0.0
G,GGA,416,D,2,0.0
G,GGA,416,E,2,0.03479070084743444
G,GGA,416,F,2,0.0
G,GGA,416,H,2,0.0
G,GGA,416,I,3,0.0
G,GGA,416,K,2,0.0
G,GGA,416,L,6,0.0
G,GGA,416,M,1,0.0
G,GGA,416,N,2,0.0
G,GGA,416,P,4,0.0
G,GGA,416,Q,2,0.0
G,GGA,416,R,6,0.06479070084743443
G,GGA,416,S,6,0.0
G,GGA,416,T,4,0.0
G,GGA,416,V,4,0.04073234635550898
G,GGA,416,W,1,0.0
G,GGA,416,Y,2,0.0
N,AAT,417,A,4,0.0
N,AAT,417,C,2,0.0
N,AAT,417,D,2,0.03
N,AAT,417,E,2,0.0
N,AAT,417,F,2,0.0
N,AAT,417,G,4,0.0
N,AAT,417,H,2,0.03
N,AAT,417,I,3,0.03
N,AAT,417,K,2,0.06
N,AAT,417,L,6,0.0
N,AAT,417,M,1,0.0
N,AAT,417,P,4,0.0
N,AAT,417,Q,2,0.0
N,AAT,417,R,6,0.0
N,AAT,417,S,6,0.03
N,AAT,417,T,4,0.03
N,AAT,417,V,4,0.0
N,AAT,417,W,1,0.0
N,AAT,417,Y,2,0.03
I,ATT,418,A,4,0.0
I,ATT,418,C,2,0.0
I,ATT,418,D,2,0.0
I,ATT,418,E,2,0.0
I,ATT,418,F,2,0.03
I,ATT,418,G,4,0.0
I,ATT,418,H,2,0.0
I,ATT,418,K,2,0.0
I,ATT,418,L,6,0.03
I,ATT,418,M,1,0.03
I,ATT,418,N,2,0.03
I,ATT,418,P,4,0.0
I,ATT,418,Q,2,0.0
I,ATT,418,R,6,0.0
I,ATT,418,S,6,0.03
I,ATT,418,T,4,0.03
I,ATT,418,V,4,0.03
I,ATT,418,W,1,0.0
I,ATT,418,Y,2,0.0
A,GCT,419,C,2,0.0
A,GCT,419,D,2,0.03
A,GCT,419,E,2,0.0
A,GCT,419,F,2,0.0
A,GCT,419,G,4,0.03
A,GCT,419,H,2,0.0
A,GCT,419,I,3,0.0
A,GCT,419,K,2,0.0
A,GCT,419,L,6,0.0
A,GCT,419,M,1,0.0
A,GCT,419,N,2,0.0
A,GCT,419,P,4,0.03
A,GCT,419,Q,2,0.0
A,GCT,419,R,6,0.0
A,GCT,419,S,6,0.04073234635550898
A,GCT,419,T,4,0.03479070084743444
A,GCT,419,V,4,0.1
A,GCT,419,W,1,0.0
A,GCT,419,Y,2,0.0
D,GAT,420,A,4,0.03
D,GAT,420,C,2,0.0
D,GAT,420,E,2,0.06
D,GAT,420,F,2,0.0
D,GAT,420,G,4,0.03
D,GAT,420,H,2,0.03
D,GAT,420,I,3,0.0
D,GAT,420,K,2,0.0
D,GAT,420,L,6,0.0
D,GAT,420,M,1,0.0
D,GAT,420,N,2,0.03479070084743444
D,GAT,420,P,4,0.0
D,GAT,420,Q,2,0.0
D,GAT,420,R,6,0.0
D,GAT,420,S,6,0.0
D,GAT,420,T,4,0.0
D,GAT,420,V,4,0.03
D,GAT,420,W,1,0.0
D,GAT,420,Y,2,0.04073234635550898
Y,TAT,421,A,4,0.0
Y,TAT,421,C,2,0.03
Y,TAT,421,D,2,0.03
Y,TAT,421,E,2,0.0
Y,TAT,421,F,2,0.03
Y,TAT,421,G,4,0.0
Y,TAT,421,H,2,0.03
Y,TAT,421,I,3,0.0
Y,TAT,421,K,2,0.0
Y,TAT,421,L,6,0.0
Y,TAT,421,M,1,0.0
Y,TAT,421,N,2,0.03
Y,TAT,421,P,4,0.0
Y,TAT,421,Q,2,0.0
Y,TAT,421,R,6,0.0
Y,TAT,421,S,6,0.03
Y,TAT,421,T,4,0.0
Y,TAT,421,V,4,0.0
Y,TAT,421,W,1,0.0
N,AAT,422,A,4,0.0
N,AAT,422,C,2,0.0
N,AAT,422,D,2,0.03
N,AAT,422,E,2,0.0
N,AAT,422,F,2,0.0
N,AAT,422,G,4,0.0
N,AAT,422,H,2,0.03
N,AAT,422,I,3,0.03
N,AAT,422,K,2,0.06
N,AAT,422,L,6,0.0
N,AAT,422,M,1,0.0
N,AAT,422,P,4,0.0
N,AAT,422,Q,2,0.0
N,AAT,422,R,6,0.0
N,AAT,422,S,6,0.03
N,AAT,422,T,4,0.03
N,AAT,422,V,4,0.0
N,AAT,422,W,1,0.0
N,AAT,422,Y,2,0.03
Y,TAT,423,A,4,0.0
Y,TAT,423,C,2,0.03
Y,TAT,423,D,2,0.03
Y,TAT,423,E,2,0.0
Y,TAT,423,F,2,0.03
Y,TAT,423,G,4,0.0
Y,TAT,423,H,2,0.03
Y,TAT,423,I,3,0.0
Y,TAT,423,K,2,0.0
Y,TAT,423,L,6,0.0
Y,TAT,423,M,1,0.0
Y,TAT,423,N,2,0.03
Y,TAT,423,P,4,0.0
Y,TAT,423,Q,2,0.0
Y,TAT,423,R,6,0.0
Y,TAT,423,S,6,0.03
Y,TAT,423,T,4,0.0
Y,TAT,423,V,4,0.0
Y,TAT,423,W,1,0.0
K,AAA,424,A,4,0.0
K,AAA,424,C,2,0.0
K,AAA,424,D,2,0.0
K,AAA,424,E,2,0.03
K,AAA,424,F,2,0.0
K,AAA,424,G,4,0.0
K,AAA,424,H,2,0.0
K,AAA,424,I,3,0.03
K,AAA,424,L,6,0.0
K,AAA,424,M,1,0.0
K,AAA,424,N,2,0.06
K,AAA,424,P,4,0.0
K,AAA,424,Q,2,0.03
K,AAA,424,R,6,0.03
K,AAA,424,S,6,0.0
K,AAA,424,T,4,0.03
K,AAA,424,V,4,0.0
K,AAA,424,W,1,0.0
K,AAA,424,Y,2,0.0
L,TTA,425,A,4,0.0
L,TTA,425,C,2,0.0
L,TTA,425,D,2,0.0
L,TTA,425,E,2,0.0
L,TTA,425,F,2,0.06
L,TTA,425,G,4,0.0
L,TTA,425,H,2,0.0
L,TTA,425,I,3,0.03
L,TTA,425,K,2,0.0
L,TTA,425,M,1,0.0
L,TTA,425,N,2,0.0
L,TTA,425,P,4,0.0
L,TTA,425,Q,2,0.0
L,TTA,425,R,6,0.0
L,TTA,425,S,6,0.03
L,TTA,425,T,4,0.0
L,TTA,425,V,4,0.03
L,TTA,425,W,1,0.0
L,TTA,425,Y,2,0.0
P,CCA,426,A,4,0.03
P,CCA,426,C,2,0.0
P,CCA,426,D,2,0.0
P,CCA,426,E,2,0.0
P,CCA,426,F,2,0.0
P,CCA,426,G,4,0.0
P,CCA,426,H,2,0.0
P,CCA,426,I,3,0.0
P,CCA,426,K,2,0.0
P,CCA,426,L,6,0.1
P,CCA,426,M,1,0.0
P,CCA,426,N,2,0.0
P,CCA,426,Q,2,0.03
P,CCA,426,R,6,0.03
P,CCA,426,S,6,0.1
P,CCA,426,T,4,0.03
P,CCA,426,V,4,0.0
P,CCA,426,W,1,0.0
P,CCA,426,Y,2,0.0
D,GAT,427,A,4,0.03
D,GAT,427,C,2,0.0
D,GAT,427,E,2,0.06
D,GAT,427,F,2,0.0
D,GAT,427,G,4,0.03
D,GAT,427,H,2,0.03
D,GAT,427,I,3,0.0
D,GAT,427,K,2,0.0
D,GAT,427,L,6,0.0
D,GAT,427,M,1,0.0
D,GAT,427,N,2,0.03479070084743444
D,GAT,427,P,4,0.0
D,GAT,427,Q,2,0.0
D,GAT,427,R,6,0.0
D,GAT,427,S,6,0.0
D,GAT,427,T,4,0.0
D,GAT,427,V,4,0.03
D,GAT,427,W,1,0.0
D,GAT,427,Y,2,0.04073234635550898
D,GAT,428,A,4,0.03
D,GAT,428,C,2,0.0
D,GAT,428,E,2,0.06
D,GAT,428,F,2,0.0
D,GAT,428,G,4,0.03
D,GAT,428,H,2,0.03
D,GAT,428,I,3,0.0
D,GAT,428,K,2,0.0
D,GAT,428,L,6,0.0
D,GAT,428,M,1,0.0
D,GAT,428,N,2,0.03479070084743444
D,GAT,428,P,4,0.0
D,GAT,428,Q,2,0.0
D,GAT,428,R,6,0.0
D,GAT,428,S,6,0.0
D,GAT,428,T,4,0.0
D,GAT,428,V,4,0.03
D,GAT,428,W,1,0.0
D,GAT,428,Y,2,0.04073234635550898
F,TTT,429,A,4,0.0
F,TTT,429,C,2,0.03
F,TTT,429,D,2,0.0
F,TTT,429,E,2,0.0
F,TTT,429,G,4,0.0
F,TTT,429,H,2,0.0
F,TTT,429,I,3,0.03
F,TTT,429,K,2,0.0
F,TTT,429,L,6,0.09
F,TTT,429,M,1,0.0
F,TTT,429,N,2,0.0
F,TTT,429,P,4,0.0
F,TTT,429,Q,2,0.0
F,TTT,429,R,6,0.0
F,TTT,429,S,6,0.03
F,TTT,429,T,4,0.0
F,TTT,429,V,4,0.03
F,TTT,429,W,1,0.0
F,TTT,429,Y,2,0.03
T,ACA,430,A,4,0.03
T,ACA,430,C,2,0.0
T,ACA,430,D,2,0.0
T,ACA,430,E,2,0.0
T,ACA,430,F,2,0.0
T,ACA,430,G,4,0.0
T,ACA,430,H,2,0.0
T,ACA,430,I,3,0.1
T,ACA,430,K,2,0.03
T,ACA,430,L,6,0.0
T,ACA,430,M,1,0.0
T,ACA,430,N,2,0.0
T,ACA,430,P,4,0.03
T,ACA,430,Q,2,0.0
T,ACA,430,R,6,0.03
T,ACA,430,S,6,0.03
T,ACA,430,V,4,0.0
T,ACA,430,W,1,0.0
T,ACA,430,Y,2,0.0
G,GGC,431,A,4,0.03
G,GGC,431,C,2,0.04073234635550898
G,GGC,431,D,2,0.03479070084743444
G,GGC,431,E,2,0.0
G,GGC,431,F,2,0.0
G,GGC,431,H,2,0.0
G,GGC,431,I,3,0.0
G,GGC,431,K,2,0.0
G,GGC,431,L,6,0.0
G,GGC,431,M,1,0.0
G,GGC,431,N,2,0.0
G,GGC,431,P,4,0.0
G,GGC,431,Q,2,0.0
G,GGC,431,R,6,0.03
G,GGC,431,S,6,0.03479070084743444
G,GGC,431,T,4,0.0
G,GGC,431,V,4,0.04073234635550898
G,GGC,431,W,1,0.0
G,GGC,431,Y,2,0.0
C,TGC,432,A,4,0.0
C,TGC,432,D,2,0.0
C,TGC,432,E,2,0.0
C,TGC,432,F,2,0.04073234635550898
C,TGC,432,G,4,0.03
C,TGC,432,H,2,0.0
C,TGC,432,I,3,0.0
C,TGC,432,K,2,0.0
C,TGC,432,L,6,0.0
C,TGC,432,M,1,0.0
C,TGC,432,N,2,0.0
C,TGC,432,P,4,0.0
C,TGC,432,Q,2,0.0
C,TGC,432,R,6,0.03
C,TGC,432,S,6,0.06
C,TGC,432,T,4,0.0
C,TGC,432,V,4,0.0
C,TGC,432,W,1,0.03
C,TGC,432,Y,2,0.03479070084743444
V,GTT,433,A,4,0.03
V,GTT,433,C,2,0.0
V,GTT,433,D,2,0.03
V,GTT,433,E,2,0.0
V,GTT,433,F,2,0.04073234635550898
V,GTT,433,G,4,0.03
V,GTT,433,H,2,0.0
V,GTT,433,I,3,0.03479070084743444
V,GTT,433,K,2,0.0
V,GTT,433,L,6,0.03
V,GTT,433,M,1,0.0
V,GTT,433,N,2,0.0
V,GTT,433,P,4,0.0
V,GTT,433,Q,2,0.0
V,GTT,433,R,6,0.0
V,GTT,433,S,6,0.0
V,GTT,433,T,4,0.0
V,GTT,433,W,1,0.0
V,GTT,433,Y,2,0.0
I,ATA,434,A,4,0.0
I,ATA,434,C,2,0.0
I,ATA,434,D,2,0.0
I,ATA,434,E,2,0.0
I,ATA,434,F,2,0.0
I,ATA,434,G,4,0.0
I,ATA,434,H,2,0.0
I,ATA,434,K,2,0.03
I,ATA,434,L,6,0.06
I,ATA,434,M,1,0.03
I,ATA,434,N,2,0.0
I,ATA,434,P,4,0.0
I,ATA,434,Q,2,0.0
I,ATA,434,R,6,0.03
I,ATA,434,S,6,0.0
I,ATA,434,T,4,0.03
I,ATA,434,V,4,0.03
I,ATA,434,W,1,0.0
I,ATA,434,Y,2,0.0
A,GCT,435,C,2,0.0
A,GCT,435,D,2,0.03
A,GCT,435,E,2,0.0
A,GCT,435,F,2,0.0
A,GCT,435,G,4,0.03
A,GCT,435,H,2,0.0
A,GCT,435,I,3,0.0
A,GCT,435,K,2,0.0
A,GCT,435,L,6,0.0
A,GCT,435,M,1,0.0
A,GCT,435,N,2,0.0
A,GCT,435,P,4,0.03
A,GCT,435,Q,2,0.0
A,GCT,435,R,6,0.0
A,GCT,435,S,6,0.04073234635550898
A,GCT,435,T,4,0.03479070084743444
A,GCT,435,V,4,0.1
A,GCT,435,W,1,0.0
A,GCT,435,Y,2,0.0
W,TGG,436,A,4,0.0
W,TGG,436,C,2,0.07073234635550898
W,TGG,436,D,2,0.0
W,TGG,436,E,2,0.0
W,TGG,436,F,2,0.0
W,TGG,436,G,4,0.03
W,TGG,436,H,2,0.0
W,TGG,436,I,3,0.0
W,TGG,436,K,2,0.0
W,TGG,436,L,6,0.04073234635550898
W,TGG,436,M,1,0.0
W,TGG,436,N,2,0.0
W,TGG,436,P,4,0.0
W,TGG,436,Q,2,0.0
W,TGG,436,R,6,0.06
W,TGG,436,S,6,0.03
W,TGG,436,T,4,0.0
W,TGG,436,V,4,0.0
W,TGG,436,Y,2,0.0
N,AAT,437,A,4,0.0
N,AAT,437,C,2,0.0
N,AAT,437,D,2,0.03
N,AAT,437,E,2,0.0
N,AAT,437,F,2,0.0
N,AAT,437,G,4,0.0
N,AAT,437,H,2,0.03
N,AAT,437,I,3,0.03
N,AAT,437,K,2,0.06
N,AAT,437,L,6,0.0
N,AAT,437,M,1,0.0
N,AAT,437,P,4,0.0
N,AAT,437,Q,2,0.0
N,AAT,437,R,6,0.0
N,AAT,437,S,6,0.03
N,AAT,437,T,4,0.03
N,AAT,437,V,4,0.0
N,AAT,437,W,1,0.0
N,AAT,437,Y,2,0.03
S,TCT,438,A,4,0.03
S,TCT,438,C,2,0.03
S,TCT,438,D,2,0.0
S,TCT,438,E,2,0.0
S,TCT,438,F,2,0.1
S,TCT,438,G,4,0.0
S,TCT,438,H,2,0.0
S,TCT,438,I,3,0.0
S,TCT,438,K,2,0.0
S,TCT,438,L,6,0.0
S,TCT,438,M,1,0.0
S,TCT,438,N,2,0.0
S,TCT,438,P,4,0.03
S,TCT,438,Q,2,0.0
S,TCT,438,R,6,0.0
S,TCT,438,T,4,0.03
S,TCT,438,V,4,0.0
S,TCT,438,W,1,0.0
S,TCT,438,Y,2,0.03
N,AAC,439,A,4,0.0
N,AAC,439,C,2,0.0
N,AAC,439,D,2,0.03
N,AAC,439,E,2,0.0
N,AAC,439,F,2,0.0
N,AAC,439,G,4,0.0
N,AAC,439,H,2,0.03
N,AAC,439,I,3,0.03
N,AAC,439,K,2,0.06
N,AAC,439,L,6,0.0
N,AAC,439,M,1,0.0
N,AAC,439,P,4,0.0
N,AAC,439,Q,2,0.0
N,AAC,439,R,6,0.0
N,AAC,439,S,6,0.03
N,AAC,439,T,4,0.03
N,AAC,439,V,4,0.0
N,AAC,439,W,1,0.0
N,AAC,439,Y,2,0.03
K,AAG,440,A,4,0.0
K,AAG,440,C,2,0.0
K,AAG,440,D,2,0.0
K,AAG,440,E,2,0.03
K,AAG,440,F,2,0.0
K,AAG,440,G,4,0.0
K,AAG,440,H,2,0.0
K,AAG,440,I,3,0.0
K,AAG,440,L,6,0.0
K,AAG,440,M,1,0.03
K,AAG,440,N,2,0.07073234635550898
K,AAG,440,P,4,0.0
K,AAG,440,Q,2,0.03
K,AAG,440,R,6,0.03
K,AAG,440,S,6,0.0
K,AAG,440,T,4,0.03
K,AAG,440,V,4,0.0
K,AAG,440,W,1,0.0
K,AAG,440,Y,2,0.0
L,CTT,441,A,4,0.0
L,CTT,441,C,2,0.0
L,CTT,441,D,2,0.0
L,CTT,441,E,2,0.0
L,CTT,441,F,2,0.1
L,CTT,441,G,4,0.0
L,CTT,441,H,2,0.03
L,CTT,441,I,3,0.03
L,CTT,441,K,2,0.0
L,CTT,441,M,1,0.0
L,CTT,441,N,2,0.0
L,CTT,441,P,4,0.03
L,CTT,441,Q,2,0.0
L,CTT,441,R,6,0.03
L,CTT,441,S,6,0.0
L,CTT,441,T,4,0.0
L,CTT,441,V,4,0.03
L,CTT,441,W,1,0.0
L,CTT,441,Y,2,0.0
D,GAT,442,A,4,0.03
D,GAT,442,C,2,0.0
D,GAT,442,E,2,0.06
D,GAT,442,F,2,0.0
D,GAT,442,G,4,0.03
D,GAT,442,H,2,0.03
D,GAT,442,I,3,0.0
D,GAT,442,K,2,0.0
D,GAT,442,L,6,0.0
D,GAT,442,M,1,0.0
D,GAT,442,N,2,0.03479070084743444
D,GAT,442,P,4,0.0
D,GAT,442,Q,2,0.0
D,GAT,442,R,6,0.0
D,GAT,442,S,6,0.0
D,GAT,442,T,4,0.0
D,GAT,442,V,4,0.03
D,GAT,442,W,1,0.0
D,GAT,442,Y,2,0.04073234635550898
S,TCT,443,A,4,0.03
S,TCT,443,C,2,0.03
S,TCT,443,D,2,0.0
S,TCT,443,E,2,0.0
S,TCT,443,F,2,0.1
S,TCT,443,G,4,0.0
S,TCT,443,H,2,0.0
S,TCT,443,I,3,0.0
S,TCT,443,K,2,0.0
S,TCT,443,L,6,0.0
S,TCT,443,M,1,0.0
S,TCT,443,N,2,0.0
S,TCT,443,P,4,0.03
S,TCT,443,Q,2,0.0
S,TCT,443,R,6,0.0
S,TCT,443,T,4,0.03
S,TCT,443,V,4,0.0
S,TCT,443,W,1,0.0
S,TCT,443,Y,2,0.03
K,AAG,444,A,4,0.0
K,AAG,444,C,2,0.0
K,AAG,444,D,2,0.0
K,AAG,444,E,2,0.03
K,AAG,444,F,2,0.0
K,AAG,444,G,4,0.0
K,AAG,444,H,2,0.0
K,AAG,444,I,3,0.0
K,AAG,444,L,6,0.0
K,AAG,444,M,1,0.03
K,AAG,444,N,2,0.07073234635550898
K,AAG,444,P,4,0.0
K,AAG,444,Q,2,0.03
K,AAG,444,R,6,0.03
K,AAG,444,S,6,0.0
K,AAG,444,T,4,0.03
K,AAG,444,V,4,0.0
K,AAG,444,W,1,0.0
K,AAG,444,Y,2,0.0
P,CCT,445,A,4,0.03
P,CCT,445,C,2,0.0
P,CCT,445,D,2,0.0
P,CCT,445,E,2,0.0
P,CCT,445,F,2,0.0
P,CCT,445,G,4,0.0
P,CCT,445,H,2,0.03
P,CCT,445,I,3,0.0
P,CCT,445,K,2,0.0
P,CCT,445,L,6,0.1
P,CCT,445,M,1,0.0
P,CCT,445,N,2,0.0
P,CCT,445,Q,2,0.0
P,CCT,445,R,6,0.03
P,CCT,445,S,6,0.1
P,CCT,445,T,4,0.03
P,CCT,445,V,4,0.0
P,CCT,445,W,1,0.0
P,CCT,445,Y,2,0.0
S,AGT,446,A,4,0.0
S,AGT,446,C,2,0.03
S,AGT,446,D,2,0.0
S,AGT,446,E,2,0.0
S,AGT,446,F,2,0.0
S,AGT,446,G,4,0.03
S,AGT,446,H,2,0.0
S,AGT,446,I,3,0.04073234635550898
S,AGT,446,K,2,0.0
S,AGT,446,L,6,0.0
S,AGT,446,M,1,0.0
S,AGT,446,N,2,0.03479070084743444
S,AGT,446,P,4,0.0
S,AGT,446,Q,2,0.0
S,AGT,446,R,6,0.09
S,AGT,446,T,4,0.03
S,AGT,446,V,4,0.0
S,AGT,446,W,1,0.0
S,AGT,446,Y,2,0.0
G,GGT,447,A,4,0.03
G,GGT,447,C,2,0.04073234635550898
G,GGT,447,D,2,0.03479070084743444
G,GGT,447,E,2,0.0
G,GGT,447,F,2,0.0
G,GGT,447,H,2,0.0
G,GGT,447,I,3,0.0
G,GGT,447,K,2,0.0
G,GGT,447,L,6,0.0
G,GGT,447,M,1,0.0
G,GGT,447,N,2,0.0
G,GGT,447,P,4,0.0
G,GGT,447,Q,2,0.0
G,GGT,447,R,6,0.03
G,GGT,447,S,6,0.03479070084743444
G,GGT,447,T,4,0.0
G,GGT,447,V,4,0.04073234635550898
G,GGT,447,W,1,0.0
G,GGT,447,Y,2,0.0
N,AAT,448,A,4,0.0
N,AAT,448,C,2,0.0
N,AAT,448,D,2,0.03
N,AAT,448,E,2,0.0
N,AAT,448,F,2,0.0
N,AAT,448,G,4,0.0
N,AAT,448,H,2,0.03
N,AAT,448,I,3,0.03
N,AAT,448,K,2,0.06
N,AAT,448,L,6,0.0
N,AAT,448,M,1,0.0
N,AAT,448,P,4,0.0
N,AAT,448,Q,2,0.0
N,AAT,448,R,6,0.0
N,AAT,448,S,6,0.03
N,AAT,448,T,4,0.03
N,AAT,448,V,4,0.0
N,AAT,448,W,1,0.0
N,AAT,448,Y,2,0.03
Y,TAT,449,A,4,0.0
Y,TAT,449,C,2,0.03
Y,TAT,449,D,2,0.03
Y,TAT,449,E,2,0.0
Y,TAT,449,F,2,0.03
Y,TAT,449,G,4,0.0
Y,TAT,449,H,2,0.03
Y,TAT,449,I,3,0.0
Y,TAT,449,K,2,0.0
Y,TAT,449,L,6,0.0
Y,TAT,449,M,1,0.0
Y,TAT,449,N,2,0.03
Y,TAT,449,P,4,0.0
Y,TAT,449,Q,2,0.0
Y,TAT,449,R,6,0.0
Y,TAT,449,S,6,0.03
Y,TAT,449,T,4,0.0
Y,TAT,449,V,4,0.0
Y,TAT,449,W,1,0.0
N,AAT,450,A,4,0.0
N,AAT,450,C,2,0.0
N,AAT,450,D,2,0.03
N,AAT,450,E,2,0.0
N,AAT,450,F,2,0.0
N,AAT,450,G,4,0.0
N,AAT,450,H,2,0.03
N,AAT,450,I,3,0.03
N,AAT,450,K,2,0.06
N,AAT,450,L,6,0.0
N,AAT,450,M,1,0.0
N,AAT,450,P,4,0.0
N,AAT,450,Q,2,0.0
N,AAT,450,R,6,0.0
N,AAT,450,S,6,0.03
N,AAT,450,T,4,0.03
N,AAT,450,V,4,0.0
N,AAT,450,W,1,0.0
N,AAT,450,Y,2,0.03
Y,TAC,451,A,4,0.0
Y,TAC,451,C,2,0.03
Y,TAC,451,D,2,0.03
Y,TAC,451,E,2,0.0
Y,TAC,451,F,2,0.03
Y,TAC,451,G,4,0.0
Y,TAC,451,H,2,0.03
Y,TAC,451,I,3,0.0
Y,TAC,451,K,2,0.0
Y,TAC,451,L,6,0.0
Y,TAC,451,M,1,0.0
Y,TAC,451,N,2,0.03
Y,TAC,451,P,4,0.0
Y,TAC,451,Q,2,0.0
Y,TAC,451,R,6,0.0
Y,TAC,451,S,6,0.03
Y,TAC,451,T,4,0.0
Y,TAC,451,V,4,0.0
Y,TAC,451,W,1,0.0
L,CTG,452,A,4,0.0
L,CTG,452,C,2,0.0
L,CTG,452,D,2,0.0
L,CTG,452,E,2,0.0
L,CTG,452,F,2,0.0
L,CTG,452,G,4,0.0
L,CTG,452,H,2,0.0
L,CTG,452,I,3,0.0
L,CTG,452,K,2,0.0
L,CTG,452,M,1,0.03
L,CTG,452,N,2,0.0
L,CTG,452,P,4,0.03
L,CTG,452,Q,2,0.03
L,CTG,452,R,6,0.03
L,CTG,452,S,6,0.0
L,CTG,452,T,4,0.0
L,CTG,452,V,4,0.03
L,CTG,452,W,1,0.0
L,CTG,452,Y,2,0.0
Y,TAT,453,A,4,0.0
Y,TAT,453,C,2,0.03
Y,TAT,453,D,2,0.03
Y,TAT,453,E,2,0.0
Y,TAT,453,F,2,0.03
Y,TAT,453,G,4,0.0
Y,TAT,453,H,2,0.03
Y,TAT,453,I,3,0.0
Y,TAT,453,K,2,0.0
Y,TAT,453,L,6,0.0
Y,TAT,453,M,1,0.0
Y,TAT,453,N,2,0.03
Y,TAT,453,P,4,0.0
Y,TAT,453,Q,2,0.0
Y,TAT,453,R,6,0.0
Y,TAT,453,S,6,0.03
Y,TAT,453,T,4,0.0
Y,TAT,453,V,4,0.0
Y,TAT,453,W,1,0.0
R,AGA,454,A,4,0.0
R,AGA,454,C,2,0.0
R,AGA,454,D,2,0.0
R,AGA,454,E,2,0.0
R,AGA,454,F,2,0.0
R,AGA,454,G,4,0.03
R,AGA,454,H,2,0.0
R,AGA,454,I,3,0.04073234635550898
R,AGA,454,K,2,0.03479070084743444
R,AGA,454,L,6,0.0
R,AGA,454,M,1,0.0
R,AGA,454,N,2,0.0
R,AGA,454,P,4,0.0
R,AGA,454,Q,2,0.0
R,AGA,454,S,6,0.06
R,AGA,454,T,4,0.03
R,AGA,454,V,4,0.0
R,AGA,454,W,1,0.0
R,AGA,454,Y,2,0.0
L,TTG,455,A,4,0.0
L,TTG,455,C,2,0.0
L,TTG,455,D,2,0.0
L,TTG,455,E,2,0.0
L,TTG,455,F,2,0.07073234635550898
L,TTG,455,G,4,0.0
L,TTG,455,H,2,0.0
L,TTG,455,I,3,0.0
L,TTG,455,K,2,0.0
L,TTG,455,M,1,0.03
L,TTG,455,N,2,0.0
L,TTG,455,P,4,0.0
L,TTG,455,Q,2,0.0
L,TTG,455,R,6,0.0
L,TTG,455,S,6,0.03
L,TTG,455,T,4,0.0
L,TTG,455,V,4,0.03
L,TTG,455,W,1,0.03
L,TTG,455,Y,2,0.0
F,TTT,456,A,4,0.0
F,TTT,456,C,2,0.03
F,TTT,456,D,2,0.0
F,TTT,456,E,2,0.0
F,TTT,456,G,4,0.0
F,TTT,456,H,2,0.0
F,TTT,456,I,3,0.03
F,TTT,456,K,2,0.0
F,TTT,456,L,6,0.09
F,TTT,456,M,1,0.0
F,TTT,456,N,2,0.0
F,TTT,456,P,4,0.0
F,TTT,456,Q,2,0.0
F,TTT,456,R,6,0.0
F,TTT,456,S,6,0.03
F,TTT,456,T,4,0.0
F,TTT,456,V,4,0.03
F,TTT,456,W,1,0.0
F,TTT,456,Y,2,0.03
R,AGG,457,A,4,0.0
R,AGG,457,C,2,0.0
R,AGG,457,D,2,0.0
R,AGG,457,E,2,0.0
R,AGG,457,F,2,0.0
R,AGG,457,G,4,0.03
R,AGG,457,H,2,0.0
R,AGG,457,I,3,0.0
R,AGG,457,K,2,0.03479070084743444
R,AGG,457,L,6,0.0
R,AGG,457,M,1,0.04073234635550898
R,AGG,457,N,2,0.0
R,AGG,457,P,4,0.0
R,AGG,457,Q,2,0.0
R,AGG,457,S,6,0.07073234635550898
R,AGG,457,T,4,0.03
R,AGG,457,V,4,0.0
R,AGG,457,W,1,0.03
R,AGG,457,Y,2,0.0
K,AAG,458,A,4,0.0
K,AAG,458,C,2,0.0
K,AAG,458,D,2,0.0
K,AAG,458,E,2,0.03
K,AAG,458,F,2,0.0
K,AAG,458,G,4,0.0
K,AAG,458,H,2,0.0
K,AAG,458,I,3,0.0
K,AAG,458,L,6,0.0
K,AAG,458,M,1,0.03
K,AAG,458,N,2,0.07073234635550898
K,AAG,458,P,4,0.0
K,AAG,458,Q,2,0.03
K,AAG,458,R,6,0.03
K,AAG,458,S,6,0.0
K,AAG,458,T,4,0.03
K,AAG,458,V,4,0.0
K,AAG,458,W,1,0.0
K,AAG,458,Y,2,0.0
S,TCT,459,A,4,0.03
S,TCT,459,C,2,0.03
S,TCT,459,D,2,0.0
S,TCT,459,E,2,0.0
S,TCT,459,F,2,0.1
S,TCT,459,G,4,0.0
S,TCT,459,H,2,0.0
S,TCT,459,I,3,0.0
S,TCT,459,K,2,0.0
S,TCT,459,L,6,0.0
S,TCT,459,M,1,0.0
S,TCT,459,N,2,0.0
S,TCT,459,P,4,0.03
S,TCT,459,Q,2,0.0
S,TCT,459,R,6,0.0
S,TCT,459,T,4,0.03
S,TCT,459,V,4,0.0
S,TCT,459,W,1,0.0
S,TCT,459,Y,2,0.03
K,AAG,460,A,4,0.0
K,AAG,460,C,2,0.0
K,AAG,460,D,2,0.0
K,AAG,460,E,2,0.03
K,AAG,460,F,2,0.0
K,AAG,460,G,4,0.0
K,AAG,460,H,2,0.0
K,AAG,460,I,3,0.0
K,AAG,460,L,6,0.0
K,AAG,460,M,1,0.03
K,AAG,460,N,2,0.07073234635550898
K,AAG,460,P,4,0.0
K,AAG,460,Q,2,0.03
K,AAG,460,R,6,0.03
K,AAG,460,S,6,0.0
K,AAG,460,T,4,0.03
K,AAG,460,V,4,0.0
K,AAG,460,W,1,0.0
K,AAG,460,Y,2,0.0
L,CTC,461,A,4,0.0
L,CTC,461,C,2,0.0
L,CTC,461,D,2,0.0
L,CTC,461,E,2,0.0
L,CTC,461,F,2,0.1
L,CTC,461,G,4,0.0
L,CTC,461,H,2,0.03
L,CTC,461,I,3,0.03
L,CTC,461,K,2,0.0
L,CTC,461,M,1,0.0
L,CTC,461,N,2,0.0
L,CTC,461,P,4,0.03
L,CTC,461,Q,2,0.0
L,CTC,461,R,6,0.03
L,CTC,461,S,6,0.0
L,CTC,461,T,4,0.0
L,CTC,461,V,4,0.03
L,CTC,461,W,1,0.0
L,CTC,461,Y,2,0.0
K,AAA,462,A,4,0.0
K,AAA,462,C,2,0.0
K,AAA,462,D,2,0.0
K,AAA,462,E,2,0.03
K,AAA,462,F,2,0.0
K,AAA,462,G,4,0.0
K,AAA,462,H,2,0.0
K,AAA,462,I,3,0.03
K,AAA,462,L,6,0.0
K,AAA,462,M,1,0.0
K,AAA,462,N,2,0.06
K,AAA,462,P,4,0.0
K,AAA,462,Q,2,0.03
K,AAA,462,R,6,0.03
K,AAA,462,S,6,0.0
K,AAA,462,T,4,0.03
K,AAA,462,V,4,0.0
K,AAA,462,W,1,0.0
K,AAA,462,Y,2,0.0
P,CCT,463,A,4,0.03
P,CCT,463,C,2,0.0
P,CCT,463,D,2,0.0
P,CCT,463,E,2,0.0
P,CCT,463,F,2,0.0
P,CCT,463,G,4,0.0
P,CCT,463,H,2,0.03
P,CCT,463,I,3,0.0
P,CCT,463,K,2,0.0
P,CCT,463,L,6,0.1
P,CCT,463,M,1,0.0
P,CCT,463,N,2,0.0
P,CCT,463,Q,2,0.0
P,CCT,463,R,6,0.03
P,CCT,463,S,6,0.1
P,CCT,463,T,4,0.03
P,CCT,463,V,4,0.0
P,CCT,463,W,1,0.0
P,CCT,463,Y,2,0.0
F,TTT,464,A,4,0.0
F,TTT,464,C,2,0.03
F,TTT,464,D,2,0.0
F,TTT,464,E,2,0.0
F,TTT,464,G,4,0.0
F,TTT,464,H,2,0.0
F,TTT,464,I,3,0.03
F,TTT,464,K,2,0.0
F,TTT,464,L,6,0.09
F,TTT,464,M,1,0.0
F,TTT,464,N,2,0.0
F,TTT,464,P,4,0.0
F,TTT,464,Q,2,0.0
F,TTT,464,R,6,0.0
F,TTT,464,S,6,0.03
F,TTT,464,T,4,0.0
F,TTT,464,V,4,0.03
F,TTT,464,W,1,0.0
F,TTT,464,Y,2,0.03
E,GAG,465,A,4,0.03
E,GAG,465,C,2,0.0
E,GAG,465,D,2,0.07073234635550898
E,GAG,465,F,2,0.0
E,GAG,465,G,4,0.03
E,GAG,465,H,2,0.0
E,GAG,465,I,3,0.0
E,GAG,465,K,2,0.03479070084743444
E,GAG,465,L,6,0.0
E,GAG,465,M,1,0.0
E,GAG,465,N,2,0.0
E,GAG,465,P,4,0.0
E,GAG,465,Q,2,0.03
E,GAG,465,R,6,0.0
E,GAG,465,S,6,0.0
E,GAG,465,T,4,0.0
E,GAG,465,V,4,0.03
E,GAG,465,W,1,0.0
E,GAG,465,Y,2,0.0
R,AGA,466,A,4,0.0
R,AGA,466,C,2,0.0
R,AGA,466,D,2,0.0
R,AGA,466,E,2,0.0
R,AGA,466,F,2,0.0
R,AGA,466,G,4,0.03
R,AGA,466,H,2,0.0
R,AGA,466,I,3,0.04073234635550898
R,AGA,466,K,2,0.03479070084743444
R,AGA,466,L,6,0.0
R,AGA,466,M,1,0.0
R,AGA,466,N,2,0.0
R,AGA,466,P,4,0.0
R,AGA,466,Q,2,0.0
R,AGA,466,S,6,0.06
R,AGA,466,T,4,0.03
R,AGA,466,V,4,0.0
R,AGA,466,W,1,0.0
R,AGA,466,Y,2,0.0
D,GAT,467,A,4,0.03
D,GAT,467,C,2,0.0
D,GAT,467,E,2,0.06
D,GAT,467,F,2,0.0
D,GAT,467,G,4,0.03
D,GAT,467,H,2,0.03
D,GAT,467,I,3,0.0
D,GAT,467,K,2,0.0
D,GAT,467,L,6,0.0
D,GAT,467,M,1,0.0
D,GAT,467,N,2,0.03479070084743444
D,GAT,467,P,4,0.0
D,GAT,467,Q,2,0.0
D,GAT,467,R,6,0.0
D,GAT,467,S,6,0.0
D,GAT,467,T,4,0.0
D,GAT,467,V,4,0.03
D,GAT,467,W,1,0.0
D,GAT,467,Y,2,0.04073234635550898
I,ATT,468,A,4,0.0
I,ATT,468,C,2,0.0
I,ATT,468,D,2,0.0
I,ATT,468,E,2,0.0
I,ATT,468,F,2,0.03
I,ATT,468,G,4,0.0
I,ATT,468,H,2,0.0
I,ATT,468,K,2,0.0
I,ATT,468,L,6,0.03
I,ATT,468,M,1,0.03
I,ATT,468,N,2,0.03
I,ATT,468,P,4,0.0
I,ATT,468,Q,2,0.0
I,ATT,468,R,6,0.0
I,ATT,468,S,6,0.03
I,ATT,468,T,4,0.03
I,ATT,468,V,4,0.03
I,ATT,468,W,1,0.0
I,ATT,468,Y,2,0.0
S,TCA,469,A,4,0.03
S,TCA,469,C,2,0.0
S,TCA,469,D,2,0.0
S,TCA,469,E,2,0.0
S,TCA,469,F,2,0.0
S,TCA,469,G,4,0.0
S,TCA,469,H,2,0.0
S,TCA,469,I,3,0.0
S,TCA,469,K,2,0.0
S,TCA,469,L,6,0.1
S,TCA,469,M,1,0.0
S,TCA,469,N,2,0.0
S,TCA,469,P,4,0.03
S,TCA,469,Q,2,0.0
S,TCA,469,R,6,0.0
S,TCA,469,T,4,0.03
S,TCA,469,V,4,0.0
S,TCA,469,W,1,0.0
S,TCA,469,Y,2,0.0
T,ACT,470,A,4,0.03
T,ACT,470,C,2,0.0
T,ACT,470,D,2,0.0
T,ACT,470,E,2,0.0
T,ACT,470,F,2,0.0
T,ACT,470,G,4,0.0
T,ACT,470,H,2,0.0
T,ACT,470,I,3,0.1
T,ACT,470,K,2,0.0
T,ACT,470,L,6,0.0
T,ACT,470,M,1,0.0
T,ACT,470,N,2,0.03
T,ACT,470,P,4,0.03
T,ACT,470,Q,2,0.0
T,ACT,470,R,6,0.0
T,ACT,470,S,6,0.06
T,ACT,470,V,4,0.0
T,ACT,470,W,1,0.0
T,ACT,470,Y,2,0.0
E,GAA,471,A,4,0.03
E,GAA,471,C,2,0.0
E,GAA,471,D,2,0.06
E,GAA,471,F,2,0.0
E,GAA,471,G,4,0.03
E,GAA,471,H,2,0.0
E,GAA,471,I,3,0.0
E,GAA,471,K,2,0.03479070084743444
E,GAA,471,L,6,0.0
E,GAA,471,M,1,0.0
E,GAA,471,N,2,0.0
E,GAA,471,P,4,0.0
E,GAA,471,Q,2,0.03
E,GAA,471,R,6,0.0
E,GAA,471,S,6,0.0
E,GAA,471,T,4,0.0
E,GAA,471,V,4,0.03
E,GAA,471,W,1,0.0
E,GAA,471,Y,2,0.0
I,ATC,472,A,4,0.0
I,ATC,472,C,2,0.0
I,ATC,472,D,2,0.0
I,ATC,472,E,2,0.0
I,ATC,472,F,2,0.03
I,ATC,472,G,4,0.0
I,ATC,472,H,2,0.0
I,ATC,472,K,2,0.0
I,ATC,472,L,6,0.03
I,ATC,472,M,1,0.03
I,ATC,472,N,2,0.03
I,ATC,472,P,4,0.0
I,ATC,472,Q,2,0.0
I,ATC,472,R,6,0.0
I,ATC,472,S,6,0.03
I,ATC,472,T,4,0.03
I,ATC,472,V,4,0.03
I,ATC,472,W,1,0.0
I,ATC,472,Y,2,0.0
Y,TAT,473,A,4,0.0
Y,TAT,473,C,2,0.03
Y,TAT,473,D,2,0.03
Y,TAT,473,E,2,0.0
Y,TAT,473,F,2,0.03
Y,TAT,473,G,4,0.0
Y,TAT,473,H,2,0.03
Y,TAT,473,I,3,0.0
Y,TAT,473,K,2,0.0
Y,TAT,473,L,6,0.0
Y,TAT,473,M,1,0.0
Y,TAT,473,N,2,0.03
Y,TAT,473,P,4,0.0
Y,TAT,473,Q,2,0.0
Y,TAT,473,R,6,0.0
Y,TAT,473,S,6,0.03
Y,TAT,473,T,4,0.0
Y,TAT,473,V,4,0.0
Y,TAT,473,W,1,0.0
Q,CAG,474,A,4,0.0
Q,CAG,474,C,2,0.0
Q,CAG,474,D,2,0.0
Q,CAG,474,E,2,0.03
Q,CAG,474,F,2,0.0
Q,CAG,474,G,4,0.0
Q,CAG,474,H,2,0.07073234635550898
Q,CAG,474,I,3,0.0
Q,CAG,474,K,2,0.03
Q,CAG,474,L,6,0.03
Q,CAG,474,M,1,0.0
Q,CAG,474,N,2,0.0
Q,CAG,474,P,4,0.03
Q,CAG,474,R,6,0.03
Q,CAG,474,S,6,0.0
Q,CAG,474,T,4,0.0
Q,CAG,474,V,4,0.0
Q,CAG,474,W,1,0.0
Q,CAG,474,Y,2,0.0
A,GCC,475,C,2,0.0
A,GCC,475,D,2,0.03
A,GCC,475,E,2,0.0
A,GCC,475,F,2,0.0
A,GCC,475,G,4,0.03
A,GCC,475,H,2,0.0
A,GCC,475,I,3,0.0
A,GCC,475,K,2,0.0
A,GCC,475,L,6,0.0
A,GCC,475,M,1,0.0
A,GCC,475,N,2,0.0
A,GCC,475,P,4,0.03
A,GCC,475,Q,2,0.0
A,GCC,475,R,6,0.0
A,GCC,475,S,6,0.04073234635550898
A,GCC,475,T,4,0.03479070084743444
A,GCC,475,V,4,0.1
A,GCC,475,W,1,0.0
A,GCC,475,Y,2,0.0
G,GGT,476,A,4,0.03
G,GGT,476,C,2,0.04073234635550898
G,GGT,476,D,2,0.03479070084743444
G,GGT,476,E,2,0.0
G,GGT,476,F,2,0.0
G,GGT,476,H,2,0.0
G,GGT,476,I,3,0.0
G,GGT,476,K,2,0.0
G,GGT,476,L,6,0.0
G,GGT,476,M,1,0.0
G,GGT,476,N,2,0.0
G,GGT,476,P,4,0.0
G,GGT,476,Q,2,0.0
G,GGT,476,R,6,0.03
G,GGT,476,S,6,0.03479070084743444
G,GGT,476,T,4,0.0
G,GGT,476,V,4,0.04073234635550898
G,GGT,476,W,1,0.0
G,GGT,476,Y,2,0.0
N,AAC,477,A,4,0.0
N,AAC,477,C,2,0.0
N,AAC,477,D,2,0.03
N,AAC,477,E,2,0.0
N,AAC,477,F,2,0.0
N,AAC,477,G,4,0.0
N,AAC,477,H,2,0.03
N,AAC,477,I,3,0.03
N,AAC,477,K,2,0.06
N,AAC,477,L,6,0.0
N,AAC,477,M,1,0.0
N,AAC,477,P,4,0.0
N,AAC,477,Q,2,0.0
N,AAC,477,R,6,0.0
N,AAC,477,S,6,0.03
N,AAC,477,T,4,0.03
N,AAC,477,V,4,0.0
N,AAC,477,W,1,0.0
N,AAC,477,Y,2,0.03
K,AAA,478,A,4,0.0
K,AAA,478,C,2,0.0
K,AAA,478,D,2,0.0
K,AAA,478,E,2,0.03
K,AAA,478,F,2,0.0
K,AAA,478,G,4,0.0
K,AAA,478,H,2,0.0
K,AAA,478,I,3,0.03
K,AAA,478,L,6,0.0
K,AAA,478,M,1,0.0
K,AAA,478,N,2,0.06
K,AAA,478,P,4,0.0
K,AAA,478,Q,2,0.03
K,AAA,478,R,6,0.03
K,AAA,478,S,6,0.0
K,AAA,478,T,4,0.03
K,AAA,478,V,4,0.0
K,AAA,478,W,1,0.0
K,AAA,478,Y,2,0.0
P,CCT,479,A,4,0.03
P,CCT,479,C,2,0.0
P,CCT,479,D,2,0.0
P,CCT,479,E,2,0.0
P,CCT,479,F,2,0.0
P,CCT,479,G,4,0.0
P,CCT,479,H,2,0.03
P,CCT,479,I,3,0.0
P,CCT,479,K,2,0.0
P,CCT,479,L,6,0.1
P,CCT,479,M,1,0.0
P,CCT,479,N,2,0.0
P,CCT,479,Q,2,0.0
P,CCT,479,R,6,0.03
P,CCT,479,S,6,0.1
P,CCT,479,T,4,0.03
P,CCT,479,V,4,0.0
P,CCT,479,W,1,0.0
P,CCT,479,Y,2,0.0
C,TGT,480,A,4,0.0
C,TGT,480,D,2,0.0
C,TGT,480,E,2,0.0
C,TGT,480,F,2,0.04073234635550898
C,TGT,480,G,4,0.03
C,TGT,480,H,2,0.0
C,TGT,480,I,3,0.0
C,TGT,480,K,2,0.0
C,TGT,480,L,6,0.0
C,TGT,480,M,1,0.0
C,TGT,480,N,2,0.0
C,TGT,480,P,4,0.0
C,TGT,480,Q,2,0.0
C,TGT,480,R,6,0.03
C,TGT,480,S,6,0.06
C,TGT,480,T,4,0.0
C,TGT,480,V,4,0.0
C,TGT,480,W,1,0.03
C,TGT,480,Y,2,0.03479070084743444
N,AAT,481,A,4,0.0
N,AAT,481,C,2,0.0
N,AAT,481,D,2,0.03
N,AAT,481,E,2,0.0
N,AAT,481,F,2,0.0
N,AAT,481,G,4,0.0
N,AAT,481,H,2,0.03
N,AAT,481,I,3,0.03
N,AAT,481,K,2,0.06
N,AAT,481,L,6,0.0
N,AAT,481,M,1,0.0
N,AAT,481,P,4,0.0
N,AAT,481,Q,2,0.0
N,AAT,481,R,6,0.0
N,AAT,481,S,6,0.03
N,AAT,481,T,4,0.03
N,AAT,481,V,4,0.0
N,AAT,481,W,1,0.0
N,AAT,481,Y,2,0.03
G,GGT,482,A,4,0.03
G,GGT,482,C,2,0.04073234635550898
G,GGT,482,D,2,0.03479070084743444
G,GGT,482,E,2,0.0
G,GGT,482,F,2,0.0
G,GGT,482,H,2,0.0
G,GGT,482,I,3,0.0
G,GGT,482,K,2,0.0
G,GGT,482,L,6,0.0
G,GGT,482,M,1,0.0
G,GGT,482,N,2,0.0
G,GGT,482,P,4,0.0
G,GGT,482,Q,2,0.0
G,GGT,482,R,6,0.03
G,GGT,482,S,6,0.03479070084743444
G,GGT,482,T,4,0.0
G,GGT,482,V,4,0.04073234635550898
G,GGT,482,W,1,0.0
G,GGT,482,Y,2,0.0
V,GTT,483,A,4,0.03
V,GTT,483,C,2,0.0
V,GTT,483,D,2,0.03
V,GTT,483,E,2,0.0
V,GTT,483,F,2,0.04073234635550898
V,GTT,483,G,4,0.03
V,GTT,483,H,2,0.0
V,GTT,483,I,3,0.03479070084743444
V,GTT,483,K,2,0.0
V,GTT,483,L,6,0.03
V,GTT,483,M,1,0.0
V,GTT,483,N,2,0.0
V,GTT,483,P,4,0.0
V,GTT,483,Q,2,0.0
V,GTT,483,R,6,0.0
V,GTT,483,S,6,0.0
V,GTT,483,T,4,0.0
V,GTT,483,W,1,0.0
V,GTT,483,Y,2,0.0
A,GCA,484,C,2,0.0
A,GCA,484,D,2,0.0
A,GCA,484,E,2,0.03
A,GCA,484,F,2,0.0
A,GCA,484,G,4,0.03
A,GCA,484,H,2,0.0
A,GCA,484,I,3,0.0
A,GCA,484,K,2,0.0
A,GCA,484,L,6,0.0
A,GCA,484,M,1,0.0
A,GCA,484,N,2,0.0
A,GCA,484,P,4,0.03
A,GCA,484,Q,2,0.0
A,GCA,484,R,6,0.0
A,GCA,484,S,6,0.04073234635550898
A,GCA,484,T,4,0.03479070084743444
A,GCA,484,V,4,0.1
A,GCA,484,W,1,0.0
A,GCA,484,Y,2,0.0
G,GGT,485,A,4,0.03
G,GGT,485,C,2,0.04073234635550898
G,GGT,485,D,2,0.03479070084743444
G,GGT,485,E,2,0.0
G,GGT,485,F,2,0.0
G,GGT,485,H,2,0.0
G,GGT,485,I,3,0.0
G,GGT,485,K,2,0.0
G,GGT,485,L,6,0.0
G,GGT,485,M,1,0.0
G,GGT,485,N,2,0.0
G,GGT,485,P,4,0.0
G,GGT,485,Q,2,0.0
G,GGT,485,R,6,0.03
G,GGT,485,S,6,0.03479070084743444
G,GGT,485,T,4,0.0
G,GGT,485,V,4,0.04073234635550898
G,GGT,485,W,1,0.0
G,GGT,485,Y,2,0.0
P,CCT,486,A,4,0.03
P,CCT,486,C,2,0.0
P,CCT,486,D,2,0.0
P,CCT,486,E,2,0.0
P,CCT,486,F,2,0.0
P,CCT,486,G,4,0.0
P,CCT,486,H,2,0.03
P,CCT,486,I,3,0.0
P,CCT,486,K,2,0.0
P,CCT,486,L,6,0.1
P,CCT,486,M,1,0.0
P,CCT,486,N,2,0.0
P,CCT,486,Q,2,0.0
P,CCT,486,R,6,0.03
P,CCT,486,S,6,0.1
P,CCT,486,T,4,0.03
P,CCT,486,V,4,0.0
P,CCT,486,W,1,0.0
P,CCT,486,Y,2,0.0
N,AAT,487,A,4,0.0
N,AAT,487,C,2,0.0
N,AAT,487,D,2,0.03
N,AAT,487,E,2,0.0
N,AAT,487,F,2,0.0
N,AAT,487,G,4,0.0
N,AAT,487,H,2,0.03
N,AAT,487,I,3,0.03
N,AAT,487,K,2,0.06
N,AAT,487,L,6,0.0
N,AAT,487,M,1,0.0
N,AAT,487,P,4,0.0
N,AAT,487,Q,2,0.0
N,AAT,487,R,6,0.0
N,AAT,487,S,6,0.03
N,AAT,487,T,4,0.03
N,AAT,487,V,4,0.0
N,AAT,487,W,1,0.0
N,AAT,487,Y,2,0.03
C,TGT,488,A,4,0.0
C,TGT,488,D,2,0.0
C,TGT,488,E,2,0.0
C,TGT,488,F,2,0.04073234635550898
C,TGT,488,G,4,0.03
C,TGT,488,H,2,0.0
C,TGT,488,I,3,0.0
C,TGT,488,K,2,0.0
C,TGT,488,L,6,0.0
C,TGT,488,M,1,0.0
C,TGT,488,N,2,0.0
C,TGT,488,P,4,0.0
C,TGT,488,Q,2,0.0
C,TGT,488,R,6,0.03
C,TGT,488,S,6,0.06
C,TGT,488,T,4,0.0
C,TGT,488,V,4,0.0
C,TGT,488,W,1,0.03
C,TGT,488,Y,2,0.03479070084743444
Y,TAC,489,A,4,0.0
Y,TAC,489,C,2,0.03
Y,TAC,489,D,2,0.03
Y,TAC,489,E,2,0.0
Y,TAC,489,F,2,0.03
Y,TAC,489,G,4,0.0
Y,TAC,489,H,2,0.03
Y,TAC,489,I,3,0.0
Y,TAC,489,K,2,0.0
Y,TAC,489,L,6,0.0
Y,TAC,489,M,1,0.0
Y,TAC,489,N,2,0.03
Y,TAC,489,P,4,0.0
Y,TAC,489,Q,2,0.0
Y,TAC,489,R,6,0.0
Y,TAC,489,S,6,0.03
Y,TAC,489,T,4,0.0
Y,TAC,489,V,4,0.0
Y,TAC,489,W,1,0.0
S,TCT,490,A,4,0.03
S,TCT,490,C,2,0.03
S,TCT,490,D,2,0.0
S,TCT,490,E,2,0.0
S,TCT,490,F,2,0.1
S,TCT,490,G,4,0.0
S,TCT,490,H,2,0.0
S,TCT,490,I,3,0.0
S,TCT,490,K,2,0.0
S,TCT,490,L,6,0.0
S,TCT,490,M,1,0.0
S,TCT,490,N,2,0.0
S,TCT,490,P,4,0.03
S,TCT,490,Q,2,0.0
S,TCT,490,R,6,0.0
S,TCT,490,T,4,0.03
S,TCT,490,V,4,0.0
S,TCT,490,W,1,0.0
S,TCT,490,Y,2,0.03
P,CCT,491,A,4,0.03
P,CCT,491,C,2,0.0
P,CCT,491,D,2,0.0
P,CCT,491,E,2,0.0
P,CCT,491,F,2,0.0
P,CCT,491,G,4,0.0
P,CCT,491,H,2,0.03
P,CCT,491,I,3,0.0
P,CCT,491,K,2,0.0
P,CCT,491,L,6,0.1
P,CCT,491,M,1,0.0
P,CCT,491,N,2,0.0
P,CCT,491,Q,2,0.0
P,CCT,491,R,6,0.03
P,CCT,491,S,6,0.1
P,CCT,491,T,4,0.03
P,CCT,491,V,4,0.0
P,CCT,491,W,1,0.0
P,CCT,491,Y,2,0.0
L,TTA,492,A,4,0.0
L,TTA,492,C,2,0.0
L,TTA,492,D,2,0.0
L,TTA,492,E,2,0.0
L,TTA,492,F,2,0.06
L,TTA,492,G,4,0.0
L,TTA,492,H,2,0.0
L,TTA,492,I,3,0.03
L,TTA,492,K,2,0.0
L,TTA,492,M,1,0.0
L,TTA,492,N,2,0.0
L,TTA,492,P,4,0.0
L,TTA,492,Q,2,0.0
L,TTA,492,R,6,0.0
L,TTA,492,S,6,0.03
L,TTA,492,T,4,0.0
L,TTA,492,V,4,0.03
L,TTA,492,W,1,0.0
L,TTA,492,Y,2,0.0
Q,CAA,493,A,4,0.0
Q,CAA,493,C,2,0.0
Q,CAA,493,D,2,0.0
Q,CAA,493,E,2,0.03
Q,CAA,493,F,2,0.0
Q,CAA,493,G,4,0.0
Q,CAA,493,H,2,0.06
Q,CAA,493,I,3,0.0
Q,CAA,493,K,2,0.03
Q,CAA,493,L,6,0.03
Q,CAA,493,M,1,0.0
Q,CAA,493,N,2,0.0
Q,CAA,493,P,4,0.03
Q,CAA,493,R,6,0.03
Q,CAA,493,S,6,0.0
Q,CAA,493,T,4,0.0
Q,CAA,493,V,4,0.0
Q,CAA,493,W,1,0.0
Q,CAA,493,Y,2,0.0
S,TCA,494,A,4,0.03
S,TCA,494,C,2,0.0
S,TCA,494,D,2,0.0
S,TCA,494,E,2,0.0
S,TCA,494,F,2,0.0
S,TCA,494,G,4,0.0
S,TCA,494,H,2,0.0
S,TCA,494,I,3,0.0
S,TCA,494,K,2,0.0
S,TCA,494,L,6,0.1
S,TCA,494,M,1,0.0
S,TCA,494,N,2,0.0
S,TCA,494,P,4,0.03
S,TCA,494,Q,2,0.0
S,TCA,494,R,6,0.0
S,TCA,494,T,4,0.03
S,TCA,494,V,4,0.0
S,TCA,494,W,1,0.0
S,TCA,494,Y,2,0.0
Y,TAT,495,A,4,0.0
Y,TAT,495,C,2,0.03
Y,TAT,495,D,2,0.03
Y,TAT,495,E,2,0.0
Y,TAT,495,F,2,0.03
Y,TAT,495,G,4,0.0
Y,TAT,495,H,2,0.03
Y,TAT,495,I,3,0.0
Y,TAT,495,K,2,0.0
Y,TAT,495,L,6,0.0
Y,TAT,495,M,1,0.0
Y,TAT,495,N,2,0.03
Y,TAT,495,P,4,0.0
Y,TAT,495,Q,2,0.0
Y,TAT,495,R,6,0.0
Y,TAT,495,S,6,0.03
Y,TAT,495,T,4,0.0
Y,TAT,495,V,4,0.0
Y,TAT,495,W,1,0.0
G,GGT,496,A,4,0.03
G,GGT,496,C,2,0.04073234635550898
G,GGT,496,D,2,0.03479070084743444
G,GGT,496,E,2,0.0
G,GGT,496,F,2,0.0
G,GGT,496,H,2,0.0
G,GGT,496,I,3,0.0
G,GGT,496,K,2,0.0
G,GGT,496,L,6,0.0
G,GGT,496,M,1,0.0
G,GGT,496,N,2,0.0
G,GGT,496,P,4,0.0
G,GGT,496,Q,2,0.0
G,GGT,496,R,6,0.03
G,GGT,496,S,6,0.03479070084743444
G,GGT,496,T,4,0.0
G,GGT,496,V,4,0.04073234635550898
G,GGT,496,W,1,0.0
G,GGT,496,Y,2,0.0
F,TTC,497,A,4,0.0
F,TTC,497,C,2,0.03
F,TTC,497,D,2,0.0
F,TTC,497,E,2,0.0
F,TTC,497,G,4,0.0
F,TTC,497,H,2,0.0
F,TTC,497,I,3,0.03
F,TTC,497,K,2,0.0
F,TTC,497,L,6,0.09
F,TTC,497,M,1,0.0
F,TTC,497,N,2,0.0
F,TTC,497,P,4,0.0
F,TTC,497,Q,2,0.0
F,TTC,497,R,6,0.0
F,TTC,497,S,6,0.03
F,TTC,497,T,4,0.0
F,TTC,497,V,4,0.03
F,TTC,497,W,1,0.0
F,TTC,497,Y,2,0.03
R,CGA,498,A,4,0.0
R,CGA,498,C,2,0.0
R,CGA,498,D,2,0.0
R,CGA,498,E,2,0.0
R,CGA,498,F,2,0.0
R,CGA,498,G,4,0.03
R,CGA,498,H,2,0.0
R,CGA,498,I,3,0.0
R,CGA,498,K,2,0.0
R,CGA,498,L,6,0.04073234635550898
R,CGA,498,M,1,0.0
R,CGA,498,N,2,0.0
R,CGA,498,P,4,0.03
R,CGA,498,Q,2,0.03479070084743444
R,CGA,498,S,6,0.0
R,CGA,498,T,4,0.0
R,CGA,498,V,4,0.0
R,CGA,498,W,1,0.0
R,CGA,498,Y,2,0.0
P,CCC,499,A,4,0.03
P,CCC,499,C,2,0.0
P,CCC,499,D,2,0.0
P,CCC,499,E,2,0.0
P,CCC,499,F,2,0.0
P,CCC,499,G,4,0.0
P,CCC,499,H,2,0.03
P,CCC,499,I,3,0.0
P,CCC,499,K,2,0.0
P,CCC,499,L,6,0.1
P,CCC,499,M,1,0.0
P,CCC,499,N,2,0.0
P,CCC,499,Q,2,0.0
P,CCC,499,R,6,0.03
P,CCC,499,S,6,0.1
P,CCC,499,T,4,0.03
P,CCC,499,V,4,0.0
P,CCC,499,W,1,0.0
P,CCC,499,Y,2,0.0
T,ACT,500,A,4,0.03
T,ACT,500,C,2,0.0
T,ACT,500,D,2,0.0
T,ACT,500,E,2,0.0
T,ACT,500,F,2,0.0
T,ACT,500,G,4,0.0
T,ACT,500,H,2,0.0
T,ACT,500,I,3,0.1
T,ACT,500,K,2,0.0
T,ACT,500,L,6,0.0
T,ACT,500,M,1,0.0
T,ACT,500,N,2,0.03
T,ACT,500,P,4,0.03
T,ACT,500,Q,2,0.0
T,ACT,500,R,6,0.0
T,ACT,500,S,6,0.06
T,ACT,500,V,4,0.0
T,ACT,500,W,1,0.0
T,ACT,500,Y,2,0.0
Y,TAT,501,A,4,0.0
Y,TAT,501,C,2,0.03
Y,TAT,501,D,2,0.03
Y,TAT,501,E,2,0.0
Y,TAT,501,F,2,0.03
Y,TAT,501,G,4,0.0
Y,TAT,501,H,2,0.03
Y,TAT,501,I,3,0.0
Y,TAT,501,K,2,0.0
Y,TAT,501,L,6,0.0
Y,TAT,501,M,1,0.0
Y,TAT,501,N,2,0.03
Y,TAT,501,P,4,0.0
Y,TAT,501,Q,2,0.0
Y,TAT,501,R,6,0.0
Y,TAT,501,S,6,0.03
Y,TAT,501,T,4,0.0
Y,TAT,501,V,4,0.0
Y,TAT,501,W,1,0.0
G,GGT,502,A,4,0.03
G,GGT,502,C,2,0.04073234635550898
G,GGT,502,D,2,0.03479070084743444
G,GGT,502,E,2,0.0
G,GGT,502,F,2,0.0
G,GGT,502,H,2,0.0
G,GGT,502,I,3,0.0
G,GGT,502,K,2,0.0
G,GGT,502,L,6,0.0
G,GGT,502,M,1,0.0
G,GGT,502,N,2,0.0
G,GGT,502,P,4,0.0
G,GGT,502,Q,2,0.0
G,GGT,502,R,6,0.03
G,GGT,502,S,6,0.03479070084743444
G,GGT,502,T,4,0.0
G,GGT,502,V,4,0.04073234635550898
G,GGT,502,W,1,0.0
G,GGT,502,Y,2,0.0
V,GTT,503,A,4,0.03
V,GTT,503,C,2,0.0
V,GTT,503,D,2,0.03
V,GTT,503,E,2,0.0
V,GTT,503,F,2,0.04073234635550898
V,GTT,503,G,4,0.03
V,GTT,503,H,2,0.0
V,GTT,503,I,3,0.03479070084743444
V,GTT,503,K,2,0.0
V,GTT,503,L,6,0.03
V,GTT,503,M,1,0.0
V,GTT,503,N,2,0.0
V,GTT,503,P,4,0.0
V,GTT,503,Q,2,0.0
V,GTT,503,R,6,0.0
V,GTT,503,S,6,0.0
V,GTT,503,T,4,0.0
V,GTT,503,W,1,0.0
V,GTT,503,Y,2,0.0
G,GGT,504,A,4,0.03
G,GGT,504,C,2,0.04073234635550898
G,GGT,504,D,2,0.03479070084743444
G,GGT,504,E,2,0.0
G,GGT,504,F,2,0.0
G,GGT,504,H,2,0.0
G,GGT,504,I,3,0.0
G,GGT,504,K,2,0.0
G,GGT,504,L,6,0.0
G,GGT,504,M,1,0.0
G,GGT,504,N,2,0.0
G,GGT,504,P,4,0.0
G,GGT,504,Q,2,0.0
G,GGT,504,R,6,0.03
G,GGT,504,S,6,0.03479070084743444
G,GGT,504,T,4,0.0
G,GGT,504,V,4,0.04073234635550898
G,GGT,504,W,1,0.0
G,GGT,504,Y,2,0.0
H,CAC,505,A,4,0.0
H,CAC,505,C,2,0.0
H,CAC,505,D,2,0.03
H,CAC,505,E,2,0.0
H,CAC,505,F,2,0.0
H,CAC,505,G,4,0.0
H,CAC,505,I,3,0.0
H,CAC,505,K,2,0.0
H,CAC,505,L,6,0.03
H,CAC,505,M,1,0.0
H,CAC,505,N,2,0.03
H,CAC,505,P,4,0.03
H,CAC,505,Q,2,0.06
H,CAC,505,R,6,0.03
H,CAC,505,S,6,0.0
H,CAC,505,T,4,0.0
H,CAC,505,V,4,0.0
H,CAC,505,W,1,0.0
H,CAC,505,Y,2,0.1
Q,CAA,506,A,4,0.0
Q,CAA,506,C,2,0.0
Q,CAA,506,D,2,0.0
Q,CAA,506,E,2,0.03
Q,CAA,506,F,2,0.0
Q,CAA,506,G,4,0.0
Q,CAA,506,H,2,0.06
Q,CAA,506,I,3,0.0
Q,CAA,506,K,2,0.03
Q,CAA,506,L,6,0.03
Q,CAA,506,M,1,0.0
Q,CAA,506,N,2,0.0
Q,CAA,506,P,4,0.03
Q,CAA,506,R,6,0.03
Q,CAA,506,S,6,0.0
Q,CAA,506,T,4,0.0
Q,CAA,506,V,4,0.0
Q,CAA,506,W,1,0.0
Q,CAA,506,Y,2,0.0
P,CCA,507,A,4,0.03
P,CCA,507,C,2,0.0
P,CCA,507,D,2,0.0
P,CCA,507,E,2,0.0
P,CCA,507,F,2,0.0
P,CCA,507,G,4,0.0
P,CCA,507,H,2,0.0
P,CCA,507,I,3,0.0
P,CCA,507,K,2,0.0
P,CCA,507,L,6,0.1
P,CCA,507,M,1,0.0
P,CCA,507,N,2,0.0
P,CCA,507,Q,2,0.03
P,CCA,507,R,6,0.03
P,CCA,507,S,6,0.1
P,CCA,507,T,4,0.03
P,CCA,507,V,4,0.0
P,CCA,507,W,1,0.0
P,CCA,507,Y,2,0.0
Y,TAC,508,A,4,0.0
Y,TAC,508,C,2,0.03
Y,TAC,508,D,2,0.03
Y,TAC,508,E,2,0.0
Y,TAC,508,F,2,0.03
Y,TAC,508,G,4,0.0
Y,TAC,508,H,2,0.03
Y,TAC,508,I,3,0.0
Y,TAC,508,K,2,0.0
Y,TAC,508,L,6,0.0
Y,TAC,508,M,1,0.0
Y,TAC,508,N,2,0.03
Y,TAC,508,P,4,0.0
Y,TAC,508,Q,2,0.0
Y,TAC,508,R,6,0.0
Y,TAC,508,S,6,0.03
Y,TAC,508,T,4,0.0
Y,TAC,508,V,4,0.0
Y,TAC,508,W,1,0.0
R,AGA,509,A,4,0.0
R,AGA,509,C,2,0.0
R,AGA,509,D,2,0.0
R,AGA,509,E,2,0.0
R,AGA,509,F,2,0.0
R,AGA,509,G,4,0.03
R,AGA,509,H,2,0.0
R,AGA,509,I,3,0.04073234635550898
R,AGA,509,K,2,0.03479070084743444
R,AGA,509,L,6,0.0
R,AGA,509,M,1,0.0
R,AGA,509,N,2,0.0
R,AGA,509,P,4,0.0
R,AGA,509,Q,2,0.0
R,AGA,509,S,6,0.06
R,AGA,509,T,4,0.03
R,AGA,509,V,4,0.0
R,AGA,509,W,1,0.0
R,AGA,509,Y,2,0.0
V,GTA,510,A,4,0.03
V,GTA,510,C,2,0.0
V,GTA,510,D,2,0.0
V,GTA,510,E,2,0.03
V,GTA,510,F,2,0.0
V,GTA,510,G,4,0.03
V,GTA,510,H,2,0.0
V,GTA,510,I,3,0.03479070084743444
V,GTA,510,K,2,0.0
V,GTA,510,L,6,0.07073234635550898
V,GTA,510,M,1,0.0
V,GTA,510,N,2,0.0
V,GTA,510,P,4,0.0
V,GTA,510,Q,2,0.0
V,GTA,510,R,6,0.0
V,GTA,510,S,6,0.0
V,GTA,510,T,4,0.0
V,GTA,510,W,1,0.0
V,GTA,510,Y,2,0.0
V,GTA,511,A,4,0.03
V,GTA,511,C,2,0.0
V,GTA,511,D,2,0.0
V,GTA,511,E,2,0.03
V,GTA,511,F,2,0.0
V,GTA,511,G,4,0.03
V,GTA,511,H,2,0.0
V,GTA,511,I,3,0.03479070084743444
V,GTA,511,K,2,0.0
V,GTA,511,L,6,0.07073234635550898
V,GTA,511,M,1,0.0
V,GTA,511,N,2,0.0
V,GTA,511,P,4,0.0
V,GTA,511,Q,2,0.0
V,GTA,511,R,6,0.0
V,GTA,511,S,6,0.0
V,GTA,511,T,4,0.0
V,GTA,511,W,1,0.0
V,GTA,511,Y,2,0.0
V,GTA,512,A,4,0.03
V,GTA,512,C,2,0.0
V,GTA,512,D,2,0.0
V,GTA,512,E,2,0.03
V,GTA,512,F,2,0.0
V,GTA,512,G,4,0.03
V,GTA,512,H,2,0.0
V,GTA,512,I,3,0.03479070084743444
V,GTA,512,K,2,0.0
V,GTA,512,L,6,0.07073234635550898
V,GTA,512,M,1,0.0
V,GTA,512,N,2,0.0
V,GTA,512,P,4,0.0
V,GTA,512,Q,2,0.0
V,GTA,512,R,6,0.0
V,GTA,512,S,6,0.0
V,GTA,512,T,4,0.0
V,GTA,512,W,1,0.0
V,GTA,512,Y,2,0.0
L,CTT,513,A,4,0.0
L,CTT,513,C,2,0.0
L,CTT,513,D,2,0.0
L,CTT,513,E,2,0.0
L,CTT,513,F,2,0.1
L,CTT,513,G,4,0.0
L,CTT,513,H,2,0.03
L,CTT,513,I,3,0.03
L,CTT,513,K,2,0.0
L,CTT,513,M,1,0.0
L,CTT,513,N,2,0.0
L,CTT,513,P,4,0.03
L,CTT,513,Q,2,0.0
L,CTT,513,R,6,0.03
L,CTT,513,S,6,0.0
L,CTT,513,T,4,0.0
L,CTT,513,V,4,0.03
L,CTT,513,W,1,0.0
L,CTT,513,Y,2,0.0
S,TCT,514,A,4,0.03
S,TCT,514,C,2,0.03
S,TCT,514,D,2,0.0
S,TCT,514,E,2,0.0
S,TCT,514,F,2,0.1
S,TCT,514,G,4,0.0
S,TCT,514,H,2,0.0
S,TCT,514,I,3,0.0
S,TCT,514,K,2,0.0
S,TCT,514,L,6,0.0
S,TCT,514,M,1,0.0
S,TCT,514,N,2,0.0
S,TCT,514,P,4,0.03
S,TCT,514,Q,2,0.0
S,TCT,514,R,6,0.0
S,TCT,514,T,4,0.03
S,TCT,514,V,4,0.0
S,TCT,514,W,1,0.0
S,TCT,514,Y,2,0.03
F,TTT,515,A,4,0.0
F,TTT,515,C,2,0.03
F,TTT,515,D,2,0.0
F,TTT,515,E,2,0.0
F,TTT,515,G,4,0.0
F,TTT,515,H,2,0.0
F,TTT,515,I,3,0.03
F,TTT,515,K,2,0.0
F,TTT,515,L,6,0.09
F,TTT,515,M,1,0.0
F,TTT,515,N,2,0.0
F,TTT,515,P,4,0.0
F,TTT,515,Q,2,0.0
F,TTT,515,R,6,0.0
F,TTT,515,S,6,0.03
F,TTT,515,T,4,0.0
F,TTT,515,V,4,0.03
F,TTT,515,W,1,0.0
F,TTT,515,Y,2,0.03
E,GAA,516,A,4,0.03
E,GAA,516,C,2,0.0
E,GAA,516,D,2,0.06
E,GAA,516,F,2,0.0
E,GAA,516,G,4,0.03
E,GAA,516,H,2,0.0
E,GAA,516,I,3,0.0
E,GAA,516,K,2,0.03479070084743444
E,GAA,516,L,6,0.0
E,GAA,516,M,1,0.0
E,GAA,516,N,2,0.0
E,GAA,516,P,4,0.0
E,GAA,516,Q,2,0.03
E,GAA,516,R,6,0.0
E,GAA,516,S,6,0.0
E,GAA,516,T,4,0.0
E,GAA,516,V,4,0.03
E,GAA,516,W,1,0.0
E,GAA,516,Y,2,0.0
L,CTT,517,A,4,0.0
L,CTT,517,C,2,0.0
L,CTT,517,D,2,0.0
L,CTT,517,E,2,0.0
L,CTT,517,F,2,0.1
L,CTT,517,G,4,0.0
L,CTT,517,H,2,0.03
L,CTT,517,I,3,0.03
L,CTT,517,K,2,0.0
L,CTT,517,M,1,0.0
L,CTT,517,N,2,0.0
L,CTT,517,P,4,0.03
L,CTT,517,Q,2,0.0
L,CTT,517,R,6,0.03
L,CTT,517,S,6,0.0
L,CTT,517,T,4,0.0
L,CTT,517,V,4,0.03
L,CTT,517,W,1,0.0
L,CTT,517,Y,2,0.0
L,CTA,518,A,4,0.0
L,CTA,518,C,2,0.0
L,CTA,518,D,2,0.0
L,CTA,518,E,2,0.0
L,CTA,518,F,2,0.0
L,CTA,518,G,4,0.0
L,CTA,518,H,2,0.0
L,CTA,518,I,3,0.03
L,CTA,518,K,2,0.0
L,CTA,518,M,1,0.0
L,CTA,518,N,2,0.0
L,CTA,518,P,4,0.03
L,CTA,518,Q,2,0.03
L,CTA,518,R,6,0.03
L,CTA,518,S,6,0.0
L,CTA,518,T,4,0.0
L,CTA,518,V,4,0.03
L,CTA,518,W,1,0.0
L,CTA,518,Y,2,0.0
H,CAT,519,A,4,0.0
H,CAT,519,C,2,0.0
H,CAT,519,D,2,0.03
H,CAT,519,E,2,0.0
H,CAT,519,F,2,0.0
H,CAT,519,G,4,0.0
H,CAT,519,I,3,0.0
H,CAT,519,K,2,0.0
H,CAT,519,L,6,0.03
H,CAT,519,M,1,0.0
H,CAT,519,N,2,0.03
H,CAT,519,P,4,0.03
H,CAT,519,Q,2,0.06
H,CAT,519,R,6,0.03
H,CAT,519,S,6,0.0
H,CAT,519,T,4,0.0
H,CAT,519,V,4,0.0
H,CAT,519,W,1,0.0
H,CAT,519,Y,2,0.1
A,GCA,520,C,2,0.0
A,GCA,520,D,2,0.0
A,GCA,520,E,2,0.03
A,GCA,520,F,2,0.0
A,GCA,520,G,4,0.03
A,GCA,520,H,2,0.0
A,GCA,520,I,3,0.0
A,GCA,520,K,2,0.0
A,GCA,520,L,6,0.0
A,GCA,520,M,1,0.0
A,GCA,520,N,2,0.0
A,GCA,520,P,4,0.03
A,GCA,520,Q,2,0.0
A,GCA,520,R,6,0.0
A,GCA,520,S,6,0.04073234635550898
A,GCA,520,T,4,0.03479070084743444
A,GCA,520,V,4,0.1
A,GCA,520,W,1,0.0
A,GCA,520,Y,2,0.0
P,CCA,521,A,4,0.03
P,CCA,521,C,2,0.0
P,CCA,521,D,2,0.0
P,CCA,521,E,2,0.0
P,CCA,521,F,2,0.0
P,CCA,521,G,4,0.0
P,CCA,521,H,2,0.0
P,CCA,521,I,3,0.0
P,CCA,521,K,2,0.0
P,CCA,521,L,6,0.1
P,CCA,521,M,1,0.0
P,CCA,521,N,2,0.0
P,CCA,521,Q,2,0.03
P,CCA,521,R,6,0.03
P,CCA,521,S,6,0.1
P,CCA,521,T,4,0.03
P,CCA,521,V,4,0.0
P,CCA,521,W,1,0.0
P,CCA,521,Y,2,0.0
A,GCA,522,C,2,0.0
A,GCA,522,D,2,0.0
A,GCA,522,E,2,0.03
A,GCA,522,F,2,0.0
A,GCA,522,G,4,0.03
A,GCA,522,H,2,0.0
A,GCA,522,I,3,0.0
A,GCA,522,K,2,0.0
A,GCA,522,L,6,0.0
A,GCA,522,M,1,0.0
A,GCA,522,N,2,0.0
A,GCA,522,P,4,0.03
A,GCA,522,Q,2,0.0
A,GCA,522,R,6,0.0
A,GCA,522,S,6,0.04073234635550898
A,GCA,522,T,4,0.03479070084743444
A,GCA,522,V,4,0.1
A,GCA,522,W,1,0.0
A,GCA,522,Y,2,0.0
T,ACT,523,A,4,0.03
T,ACT,523,C,2,0.0
T,ACT,523,D,2,0.0
T,ACT,523,E,2,0.0
T,ACT,523,F,2,0.0
T,ACT,523,G,4,0.0
T,ACT,523,H,2,0.0
T,ACT,523,I,3,0.1
T,ACT,523,K,2,0.0
T,ACT,523,L,6,0.0
T,ACT,523,M,1,0.0
T,ACT,523,N,2,0.03
T,ACT,523,P,4,0.03
T,ACT,523,Q,2,0.0
T,ACT,523,R,6,0.0
T,ACT,523,S,6,0.06
T,ACT,523,V,4,0.0
T,ACT,523,W,1,0.0
T,ACT,523,Y,2,0.0
V,GTT,524,A,4,0.03
V,GTT,524,C,2,0.0
V,GTT,524,D,2,0.03
V,GTT,524,E,2,0.0
V,GTT,524,F,2,0.04073234635550898
V,GTT,524,G,4,0.03
V,GTT,524,H,2,0.0
V,GTT,524,I,3,0.03479070084743444
V,GTT,524,K,2,0.0
V,GTT,524,L,6,0.03
V,GTT,524,M,1,0.0
V,GTT,524,N,2,0.0
V,GTT,524,P,4,0.0
V,GTT,524,Q,2,0.0
V,GTT,524,R,6,0.0
V,GTT,524,S,6,0.0
V,GTT,524,T,4,0.0
V,GTT,524,W,1,0.0
V,GTT,524,Y,2,0.0
C,TGT,525,A,4,0.0
C,TGT,525,D,2,0.0
C,TGT,525,E,2,0.0
C,TGT,525,F,2,0.04073234635550898
C,TGT,525,G,4,0.03
C,TGT,525,H,2,0.0
C,TGT,525,I,3,0.0
C,TGT,525,K,2,0.0
C,TGT,525,L,6,0.0
C,TGT,525,M,1,0.0
C,TGT,525,N,2,0.0
C,TGT,525,P,4,0.0
C,TGT,525,Q,2,0.0
C,TGT,525,R,6,0.03
C,TGT,525,S,6,0.06
C,TGT,525,T,4,0.0
C,TGT,525,V,4,0.0
C,TGT,525,W,1,0.03
C,TGT,525,Y,2,0.03479070084743444
G,GGA,526,A,4,0.03
G,GGA,526,C,2,0.0
G,GGA,526,D,2,0.0
G,GGA,526,E,2,0.03479070084743444
G,GGA,526,F,2,0.0
G,GGA,526,H,2,0.0
G,GGA,526,I,3,0.0
G,GGA,526,K,2,0.0
G,GGA,526,L,6,0.0
G,GGA,526,M,1,0.0
G,GGA,526,N,2,0.0
G,GGA,526,P,4,0.0
G,GGA,526,Q,2,0.0
G,GGA,526,R,6,0.06479070084743443
G,GGA,526,S,6,0.0
G,GGA,526,T,4,0.0
G,GGA,526,V,4,0.04073234635550898
G,GGA,526,W,1,0.0
G,GGA,526,Y,2,0.0
P,CCT,527,A,4,0.03
P,CCT,527,C,2,0.0
P,CCT,527,D,2,0.0
P,CCT,527,E,2,0.0
P,CCT,527,F,2,0.0
P,CCT,527,G,4,0.0
P,CCT,527,H,2,0.03
P,CCT,527,I,3,0.0
P,CCT,527,K,2,0.0
P,CCT,527,L,6,0.1
P,CCT,527,M,1,0.0
P,CCT,527,N,2,0.0
P,CCT,527,Q,2,0.0
P,CCT,527,R,6,0.03
P,CCT,527,S,6,0.1
P,CCT,527,T,4,0.03
P,CCT,527,V,4,0.0
P,CCT,527,W,1,0.0
P,CCT,527,Y,2,0.0
K,AAA,528,A,4,0.0
K,AAA,528,C,2,0.0
K,AAA,528,D,2,0.0
K,AAA,528,E,2,0.03
K,AAA,528,F,2,0.0
K,AAA,528,G,4,0.0
K,AAA,528,H,2,0.0
K,AAA,528,I,3,0.03
K,AAA,528,L,6,0.0
K,AAA,528,M,1,0.0
K,AAA,528,N,2,0.06
K,AAA,528,P,4,0.0
K,AAA,528,Q,2,0.03
K,AAA,528,R,6,0.03
K,AAA,528,S,6,0.0
K,AAA,528,T,4,0.03
K,AAA,528,V,4,0.0
K,AAA,528,W,1,0.0
K,AAA,528,Y,2,0.0
K,AAG,529,A,4,0.0
K,AAG,529,C,2,0.0
K,AAG,529,D,2,0.0
K,AAG,529,E,2,0.03
K,AAG,529,F,2,0.0
K,AAG,529,G,4,0.0
K,AAG,529,H,2,0.0
K,AAG,529,I,3,0.0
K,AAG,529,L,6,0.0
K,AAG,529,M,1,0.03
K,AAG,529,N,2,0.07073234635550898
K,AAG,529,P,4,0.0
K,AAG,529,Q,2,0.03
K,AAG,529,R,6,0.03
K,AAG,529,S,6,0.0
K,AAG,529,T,4,0.03
K,AAG,529,V,4,0.0
K,AAG,529,W,1,0.0
K,AAG,529,Y,2,0.0
S,TCT,530,A,4,0.03
S,TCT,530,C,2,0.03
S,TCT,530,D,2,0.0
S,TCT,530,E,2,0.0
S,TCT,530,F,2,0.1
S,TCT,530,G,4,0.0
S,TCT,530,H,2,0.0
S,TCT,530,I,3,0.0
S,TCT,530,K,2,0.0
S,TCT,530,L,6,0.0
S,TCT,530,M,1,0.0
S,TCT,530,N,2,0.0
S,TCT,530,P,4,0.03
S,TCT,530,Q,2,0.0
S,TCT,530,R,6,0.0
S,TCT,530,T,4,0.03
S,TCT,530,V,4,0.0
S,TCT,530,W,1,0.0
S,TCT,530,Y,2,0.03
T,ACT,531,A,4,0.03
T,ACT,531,C,2,0.0
T,ACT,531,D,2,0.0
T,ACT,531,E,2,0.0
T,ACT,531,F,2,0.0
T,ACT,531,G,4,0.0
T,ACT,531,H,2,0.0
T,ACT,531,I,3,0.1
T,ACT,531,K,2,0.0
T,ACT,531,L,6,0.0
T,ACT,531,M,1,0.0
T,ACT,531,N,2,0.03
T,ACT,531,P,4,0.03
T,ACT,531,Q,2,0.0
T,ACT,531,R,6,0.0
T,ACT,531,S,6,0.06
T,ACT,531,V,4,0.0
T,ACT,531,W,1,0.0
T,ACT,531,Y,2,0.0
